task_id,name,status,exit,start,complete,realtime,%cpu,peak_rss,rchar,start_dt,complete_dt,start_sec,complete_sec,task_type,measured_energy_j
4,NFCORE_ATACSEQ:ATACSEQ:INPUT_CHECK:SAMPLESHEET_CHECK (samplesheet_test.csv),COMPLETED,0,2026-07-22 02:14:24.994,2026-07-22 02:14:27.014,0ms,64.6%,8.8 MB,667.6 KB,2026-07-22 02:14:24.994,2026-07-22 02:14:27.014,8064.994,8067.014,SAMPLESHEET_CHECK,82.9
5,NFCORE_ATACSEQ:ATACSEQ:PREPARE_GENOME:CUSTOM_GETCHROMSIZES (genome.fa),COMPLETED,0,2026-07-22 02:14:27.114,2026-07-22 02:14:27.897,0ms,65.2%,6.3 MB,11.9 MB,2026-07-22 02:14:27.114,2026-07-22 02:14:27.897,8067.114,8067.897,CUSTOM_GETCHROMSIZES,44.91
3,NFCORE_ATACSEQ:ATACSEQ:PREPARE_GENOME:BWA_INDEX (genome.fa),COMPLETED,0,2026-07-22 02:14:28.098,2026-07-22 02:14:38.210,8s,99.3%,126.9 MB,46.8 MB,2026-07-22 02:14:28.098,2026-07-22 02:14:38.210,8068.098,8078.21,BWA_INDEX,373.59
2,NFCORE_ATACSEQ:ATACSEQ:PREPARE_GENOME:KHMER_UNIQUEKMERS (genome.fa),COMPLETED,0,2026-07-22 02:14:38.310,2026-07-22 02:14:39.680,1s,321.4%,10 MB,16.1 MB,2026-07-22 02:14:38.310,2026-07-22 02:14:39.680,8078.31,8079.68,KHMER_UNIQUEKMERS,37.34
1,NFCORE_ATACSEQ:ATACSEQ:PREPARE_GENOME:GTF2BED (genes.gtf),COMPLETED,0,2026-07-22 02:14:39.780,2026-07-22 02:14:41.619,0ms,96.4%,8.1 MB,11.7 MB,2026-07-22 02:14:39.780,2026-07-22 02:14:41.619,8079.78,8081.619,GTF2BED,74.86
7,NFCORE_ATACSEQ:ATACSEQ:FASTQ_FASTQC_UMITOOLS_TRIMGALORE:TRIMGALORE (OSMOTIC_STRESS_T0_PE_REP1_T1),COMPLETED,0,2026-07-22 02:14:41.720,2026-07-22 02:14:55.971,13s,185.3%,265.1 MB,247.7 MB,2026-07-22 02:14:41.720,2026-07-22 02:14:55.971,8081.72,8095.971,TRIMGALORE,620.8000000000001
6,NFCORE_ATACSEQ:ATACSEQ:FASTQ_FASTQC_UMITOOLS_TRIMGALORE:FASTQC (OSMOTIC_STRESS_T0_PE_REP1_T1),COMPLETED,0,2026-07-22 02:14:56.071,2026-07-22 02:15:02.274,5s,239.7%,383.7 MB,31.1 MB,2026-07-22 02:14:56.071,2026-07-22 02:15:02.274,8096.071,8102.274,FASTQC,236.89999999999998
14,NFCORE_ATACSEQ:ATACSEQ:PREPARE_GENOME:GET_AUTOSOMES (genome.fa.fai),COMPLETED,0,2026-07-22 02:15:02.374,2026-07-22 02:15:04.026,0ms,89.9%,12 MB,648.5 KB,2026-07-22 02:15:02.374,2026-07-22 02:15:04.026,8102.374,8104.026,GET_AUTOSOMES,85.92
15,NFCORE_ATACSEQ:ATACSEQ:PREPARE_GENOME:GENOME_BLACKLIST_REGIONS (genome.fa.sizes),COMPLETED,0,2026-07-22 02:15:04.127,2026-07-22 02:15:05.882,0ms,65.3%,5.8 MB,42.7 KB,2026-07-22 02:15:04.127,2026-07-22 02:15:05.882,8104.127,8105.882,GENOME_BLACKLIST_REGIONS,47.58
10,NFCORE_ATACSEQ:ATACSEQ:FASTQ_FASTQC_UMITOOLS_TRIMGALORE:FASTQC (OSMOTIC_STRESS_T100_SE_REP1_T1),COMPLETED,0,2026-07-22 02:15:05.982,2026-07-22 02:15:11.279,4s,197.8%,207.6 MB,24.9 MB,2026-07-22 02:15:05.982,2026-07-22 02:15:11.279,8105.982,8111.279,FASTQC,252.35
11,NFCORE_ATACSEQ:ATACSEQ:FASTQ_FASTQC_UMITOOLS_TRIMGALORE:TRIMGALORE (OSMOTIC_STRESS_T100_SE_REP1_T1),COMPLETED,0,2026-07-22 02:15:11.379,2026-07-22 02:15:18.719,7s,167.4%,241.5 MB,96.5 MB,2026-07-22 02:15:11.379,2026-07-22 02:15:18.719,8111.379,8118.719,TRIMGALORE,319.17999999999995
13,NFCORE_ATACSEQ:ATACSEQ:FASTQ_FASTQC_UMITOOLS_TRIMGALORE:FASTQC (OSMOTIC_STRESS_T100_SE_REP2_T1),COMPLETED,0,2026-07-22 02:15:18.819,2026-07-22 02:15:23.851,3s,189.4%,241.5 MB,24.8 MB,2026-07-22 02:15:18.819,2026-07-22 02:15:23.851,8118.819,8123.851,FASTQC,158.21
9,NFCORE_ATACSEQ:ATACSEQ:FASTQ_FASTQC_UMITOOLS_TRIMGALORE:FASTQC (OSMOTIC_STRESS_T0_PE_REP2_T1),COMPLETED,0,2026-07-22 02:15:23.951,2026-07-22 02:15:29.075,3s,272.8%,371.6 MB,30.9 MB,2026-07-22 02:15:23.951,2026-07-22 02:15:29.075,8123.951,8129.075,FASTQC,154.81
12,NFCORE_ATACSEQ:ATACSEQ:FASTQ_FASTQC_UMITOOLS_TRIMGALORE:TRIMGALORE (OSMOTIC_STRESS_T100_SE_REP2_T1),COMPLETED,0,2026-07-22 02:15:29.176,2026-07-22 02:15:34.184,4s,187.0%,170.1 MB,96.9 MB,2026-07-22 02:15:29.176,2026-07-22 02:15:34.184,8129.176,8134.184,TRIMGALORE,148.59
8,NFCORE_ATACSEQ:ATACSEQ:FASTQ_FASTQC_UMITOOLS_TRIMGALORE:TRIMGALORE (OSMOTIC_STRESS_T0_PE_REP2_T1),COMPLETED,0,2026-07-22 02:15:34.284,2026-07-22 02:15:44.885,10s,203.0%,186.1 MB,249.4 MB,2026-07-22 02:15:34.284,2026-07-22 02:15:44.885,8134.284,8144.885,TRIMGALORE,309.60999999999996
16,NFCORE_ATACSEQ:ATACSEQ:FASTQ_FASTQC_UMITOOLS_TRIMGALORE:FASTQC (OSMOTIC_STRESS_T150_SE_REP1_T1),COMPLETED,0,2026-07-22 02:15:44.985,2026-07-22 02:15:50.003,3s,164.5%,272 MB,25 MB,2026-07-22 02:15:44.985,2026-07-22 02:15:50.003,8144.985,8150.003,FASTQC,131.67
17,NFCORE_ATACSEQ:ATACSEQ:FASTQ_FASTQC_UMITOOLS_TRIMGALORE:TRIMGALORE (OSMOTIC_STRESS_T150_SE_REP1_T1),COMPLETED,0,2026-07-22 02:15:50.103,2026-07-22 02:15:56.323,6s,199.9%,202.5 MB,98.3 MB,2026-07-22 02:15:50.103,2026-07-22 02:15:56.323,8150.103,8156.323,TRIMGALORE,236.79
18,NFCORE_ATACSEQ:ATACSEQ:FASTQ_FASTQC_UMITOOLS_TRIMGALORE:TRIMGALORE (OSMOTIC_STRESS_T150_SE_REP1_T2),COMPLETED,0,2026-07-22 02:15:56.423,2026-07-22 02:16:01.581,5s,174.1%,246.4 MB,97.2 MB,2026-07-22 02:15:56.423,2026-07-22 02:16:01.581,8156.423,8161.581,TRIMGALORE,159.18
19,NFCORE_ATACSEQ:ATACSEQ:FASTQ_FASTQC_UMITOOLS_TRIMGALORE:FASTQC (OSMOTIC_STRESS_T150_SE_REP1_T2),COMPLETED,0,2026-07-22 02:16:01.680,2026-07-22 02:16:05.626,3s,211.3%,208.3 MB,24.9 MB,2026-07-22 02:16:01.680,2026-07-22 02:16:05.626,8161.68,8165.626,FASTQC,105.03
21,NFCORE_ATACSEQ:ATACSEQ:FASTQ_FASTQC_UMITOOLS_TRIMGALORE:FASTQC (OSMOTIC_STRESS_T15_PE_REP1_T1),COMPLETED,0,2026-07-22 02:16:05.726,2026-07-22 02:16:10.704,4s,247.8%,379.3 MB,31.1 MB,2026-07-22 02:16:05.726,2026-07-22 02:16:10.704,8165.726,8170.704,FASTQC,134.11
20,NFCORE_ATACSEQ:ATACSEQ:FASTQ_FASTQC_UMITOOLS_TRIMGALORE:TRIMGALORE (OSMOTIC_STRESS_T15_PE_REP1_T1),COMPLETED,0,2026-07-22 02:16:10.805,2026-07-22 02:16:23.800,12s,169.3%,286.4 MB,254.6 MB,2026-07-22 02:16:10.805,2026-07-22 02:16:23.800,8170.805,8183.8,TRIMGALORE,366.48
23,NFCORE_ATACSEQ:ATACSEQ:FASTQ_FASTQC_UMITOOLS_TRIMGALORE:FASTQC (OSMOTIC_STRESS_T15_PE_REP1_T2),COMPLETED,0,2026-07-22 02:16:23.900,2026-07-22 02:16:28.872,3s,244.6%,401.6 MB,31.1 MB,2026-07-22 02:16:23.900,2026-07-22 02:16:28.872,8183.9,8188.872,FASTQC,142.2
22,NFCORE_ATACSEQ:ATACSEQ:FASTQ_FASTQC_UMITOOLS_TRIMGALORE:TRIMGALORE (OSMOTIC_STRESS_T15_PE_REP1_T2),COMPLETED,0,2026-07-22 02:16:28.972,2026-07-22 02:16:39.931,10s,200.2%,167.2 MB,250.4 MB,2026-07-22 02:16:28.972,2026-07-22 02:16:39.931,8188.972,8199.931,TRIMGALORE,359.11
24,NFCORE_ATACSEQ:ATACSEQ:PREPARE_GENOME:TSS_EXTRACT,COMPLETED,0,2026-07-22 02:16:40.032,2026-07-22 02:16:40.736,26ms,109.6%,0,879.1 KB,2026-07-22 02:16:40.032,2026-07-22 02:16:40.736,8200.032,8200.736,TSS_EXTRACT,39.06
25,NFCORE_ATACSEQ:ATACSEQ:FASTQ_ALIGN_BWA:BWA_MEM (OSMOTIC_STRESS_T0_PE_REP1_T1),COMPLETED,0,2026-07-22 02:16:40.836,2026-07-22 02:16:48.267,6s,193.1%,171.8 MB,82.1 MB,2026-07-22 02:16:40.836,2026-07-22 02:16:48.267,8200.836,8208.267,BWA_MEM,218.74999999999997
26,NFCORE_ATACSEQ:ATACSEQ:FASTQ_ALIGN_BWA:BWA_MEM (OSMOTIC_STRESS_T100_SE_REP1_T1),COMPLETED,0,2026-07-22 02:16:48.367,2026-07-22 02:16:52.663,3s,189.5%,90.5 MB,49.9 MB,2026-07-22 02:16:48.367,2026-07-22 02:16:52.663,8208.367,8212.663,BWA_MEM,146.05
27,NFCORE_ATACSEQ:ATACSEQ:FASTQ_ALIGN_BWA:BWA_MEM (OSMOTIC_STRESS_T100_SE_REP2_T1),COMPLETED,0,2026-07-22 02:16:52.763,2026-07-22 02:16:56.892,2s,189.5%,97.5 MB,50.2 MB,2026-07-22 02:16:52.763,2026-07-22 02:16:56.892,8212.763,8216.892,BWA_MEM,102.75
28,NFCORE_ATACSEQ:ATACSEQ:FASTQ_ALIGN_BWA:BWA_MEM (OSMOTIC_STRESS_T0_PE_REP2_T1),COMPLETED,0,2026-07-22 02:16:56.992,2026-07-22 02:17:03.826,5s,195.5%,156.9 MB,82.8 MB,2026-07-22 02:16:56.992,2026-07-22 02:17:03.826,8216.992,8223.826,BWA_MEM,186.21999999999997
29,NFCORE_ATACSEQ:ATACSEQ:FASTQ_ALIGN_BWA:BWA_MEM (OSMOTIC_STRESS_T150_SE_REP1_T1),COMPLETED,0,2026-07-22 02:17:03.926,2026-07-22 02:17:07.788,2s,193.8%,113.5 MB,50.6 MB,2026-07-22 02:17:03.926,2026-07-22 02:17:07.788,8223.926,8227.788,BWA_MEM,95.07
30,NFCORE_ATACSEQ:ATACSEQ:FASTQ_ALIGN_BWA:BWA_MEM (OSMOTIC_STRESS_T150_SE_REP1_T2),COMPLETED,0,2026-07-22 02:17:07.888,2026-07-22 02:17:12.381,3s,189.2%,85.8 MB,50 MB,2026-07-22 02:17:07.888,2026-07-22 02:17:12.381,8227.888,8232.381,BWA_MEM,130.71
31,NFCORE_ATACSEQ:ATACSEQ:FASTQ_ALIGN_BWA:BWA_MEM (OSMOTIC_STRESS_T15_PE_REP1_T1),COMPLETED,0,2026-07-22 02:17:12.481,2026-07-22 02:17:19.001,5s,194.5%,164.1 MB,83.6 MB,2026-07-22 02:17:12.481,2026-07-22 02:17:19.001,8232.481,8239.001,BWA_MEM,179.78
32,NFCORE_ATACSEQ:ATACSEQ:FASTQ_ALIGN_BWA:BWA_MEM (OSMOTIC_STRESS_T15_PE_REP1_T2),COMPLETED,0,2026-07-22 02:17:19.101,2026-07-22 02:17:25.216,4s,193.9%,172.8 MB,82.4 MB,2026-07-22 02:17:19.101,2026-07-22 02:17:25.216,8239.101,8245.216,BWA_MEM,154.45
33,NFCORE_ATACSEQ:ATACSEQ:FASTQ_ALIGN_BWA:BAM_SORT_STATS_SAMTOOLS:SAMTOOLS_SORT (OSMOTIC_STRESS_T0_PE_REP1_T1),COMPLETED,0,2026-07-22 02:17:25.316,2026-07-22 02:17:26.429,1s,182.8%,26.2 MB,11.5 MB,2026-07-22 02:17:25.316,2026-07-22 02:17:26.429,8245.316,8246.429,SAMTOOLS_SORT,23.35
34,NFCORE_ATACSEQ:ATACSEQ:FASTQ_ALIGN_BWA:BAM_SORT_STATS_SAMTOOLS:SAMTOOLS_SORT (OSMOTIC_STRESS_T100_SE_REP1_T1),COMPLETED,0,2026-07-22 02:17:26.530,2026-07-22 02:17:27.297,1s,186.0%,37.9 MB,5.9 MB,2026-07-22 02:17:26.530,2026-07-22 02:17:27.297,8246.53,8247.297,SAMTOOLS_SORT,33.18
35,NFCORE_ATACSEQ:ATACSEQ:FASTQ_ALIGN_BWA:BAM_SORT_STATS_SAMTOOLS:SAMTOOLS_SORT (OSMOTIC_STRESS_T100_SE_REP2_T1),COMPLETED,0,2026-07-22 02:17:27.396,2026-07-22 02:17:28.139,0ms,184.5%,38 MB,5.9 MB,2026-07-22 02:17:27.396,2026-07-22 02:17:28.139,8247.396,8248.139,SAMTOOLS_SORT,33.95
36,NFCORE_ATACSEQ:ATACSEQ:FASTQ_ALIGN_BWA:BAM_SORT_STATS_SAMTOOLS:SAMTOOLS_SORT (OSMOTIC_STRESS_T0_PE_REP2_T1),COMPLETED,0,2026-07-22 02:17:28.240,2026-07-22 02:17:29.199,0ms,198.7%,41 MB,11.7 MB,2026-07-22 02:17:28.240,2026-07-22 02:17:29.199,8248.24,8249.199,SAMTOOLS_SORT,36.73
37,NFCORE_ATACSEQ:ATACSEQ:FASTQ_ALIGN_BWA:BAM_SORT_STATS_SAMTOOLS:SAMTOOLS_SORT (OSMOTIC_STRESS_T150_SE_REP1_T1),COMPLETED,0,2026-07-22 02:17:29.299,2026-07-22 02:17:30.168,0ms,188.2%,40.5 MB,5.9 MB,2026-07-22 02:17:29.299,2026-07-22 02:17:30.168,8249.299,8250.168,SAMTOOLS_SORT,38.32
38,NFCORE_ATACSEQ:ATACSEQ:FASTQ_ALIGN_BWA:BAM_SORT_STATS_SAMTOOLS:SAMTOOLS_SORT (OSMOTIC_STRESS_T150_SE_REP1_T2),COMPLETED,0,2026-07-22 02:17:30.268,2026-07-22 02:17:31.041,0ms,182.6%,37.2 MB,5.9 MB,2026-07-22 02:17:30.268,2026-07-22 02:17:31.041,8250.268,8251.041,SAMTOOLS_SORT,36.22
39,NFCORE_ATACSEQ:ATACSEQ:FASTQ_ALIGN_BWA:BAM_SORT_STATS_SAMTOOLS:SAMTOOLS_SORT (OSMOTIC_STRESS_T15_PE_REP1_T1),COMPLETED,0,2026-07-22 02:17:31.142,2026-07-22 02:17:32.107,0ms,201.2%,37.2 MB,11.8 MB,2026-07-22 02:17:31.142,2026-07-22 02:17:32.107,8251.142,8252.107,SAMTOOLS_SORT,34.62
40,NFCORE_ATACSEQ:ATACSEQ:FASTQ_ALIGN_BWA:BAM_SORT_STATS_SAMTOOLS:SAMTOOLS_SORT (OSMOTIC_STRESS_T15_PE_REP1_T2),COMPLETED,0,2026-07-22 02:17:32.207,2026-07-22 02:17:33.171,0ms,194.7%,43.7 MB,11.6 MB,2026-07-22 02:17:32.207,2026-07-22 02:17:33.171,8252.207,8253.171,SAMTOOLS_SORT,34.63
41,NFCORE_ATACSEQ:ATACSEQ:FASTQ_ALIGN_BWA:BAM_SORT_STATS_SAMTOOLS:SAMTOOLS_INDEX (OSMOTIC_STRESS_T0_PE_REP1_T1),COMPLETED,0,2026-07-22 02:17:33.272,2026-07-22 02:17:33.890,0ms,112.8%,6.9 MB,8.4 MB,2026-07-22 02:17:33.272,2026-07-22 02:17:33.890,8253.272,8253.89,SAMTOOLS_INDEX,34.38
42,NFCORE_ATACSEQ:ATACSEQ:FASTQ_ALIGN_BWA:BAM_SORT_STATS_SAMTOOLS:SAMTOOLS_INDEX (OSMOTIC_STRESS_T100_SE_REP1_T1),COMPLETED,0,2026-07-22 02:17:33.990,2026-07-22 02:17:34.547,0ms,109.1%,7 MB,4.2 MB,2026-07-22 02:17:33.990,2026-07-22 02:17:34.547,8253.99,8254.547,SAMTOOLS_INDEX,
43,NFCORE_ATACSEQ:ATACSEQ:FASTQ_ALIGN_BWA:BAM_SORT_STATS_SAMTOOLS:SAMTOOLS_INDEX (OSMOTIC_STRESS_T100_SE_REP2_T1),COMPLETED,0,2026-07-22 02:17:34.648,2026-07-22 02:17:35.242,1s,110.8%,7 MB,4 MB,2026-07-22 02:17:34.648,2026-07-22 02:17:35.242,8254.648,8255.242,SAMTOOLS_INDEX,33.58
44,NFCORE_ATACSEQ:ATACSEQ:FASTQ_ALIGN_BWA:BAM_SORT_STATS_SAMTOOLS:SAMTOOLS_INDEX (OSMOTIC_STRESS_T0_PE_REP2_T1),COMPLETED,0,2026-07-22 02:17:35.343,2026-07-22 02:17:35.946,0ms,121.8%,7 MB,8.3 MB,2026-07-22 02:17:35.343,2026-07-22 02:17:35.946,8255.343,8255.946,SAMTOOLS_INDEX,35.98
45,NFCORE_ATACSEQ:ATACSEQ:FASTQ_ALIGN_BWA:BAM_SORT_STATS_SAMTOOLS:SAMTOOLS_INDEX (OSMOTIC_STRESS_T150_SE_REP1_T1),COMPLETED,0,2026-07-22 02:17:36.046,2026-07-22 02:17:36.601,0ms,100.8%,7.1 MB,4.2 MB,2026-07-22 02:17:36.046,2026-07-22 02:17:36.601,8256.046,8256.601,SAMTOOLS_INDEX,
46,NFCORE_ATACSEQ:ATACSEQ:FASTQ_ALIGN_BWA:BAM_SORT_STATS_SAMTOOLS:SAMTOOLS_INDEX (OSMOTIC_STRESS_T150_SE_REP1_T2),COMPLETED,0,2026-07-22 02:17:36.701,2026-07-22 02:17:37.238,1s,114.3%,6.9 MB,4.3 MB,2026-07-22 02:17:36.701,2026-07-22 02:17:37.238,8256.701,8257.238,SAMTOOLS_INDEX,
47,NFCORE_ATACSEQ:ATACSEQ:FASTQ_ALIGN_BWA:BAM_SORT_STATS_SAMTOOLS:SAMTOOLS_INDEX (OSMOTIC_STRESS_T15_PE_REP1_T1),COMPLETED,0,2026-07-22 02:17:37.338,2026-07-22 02:17:37.911,0ms,123.7%,7.1 MB,8.7 MB,2026-07-22 02:17:37.338,2026-07-22 02:17:37.911,8257.338,8257.911,SAMTOOLS_INDEX,34.68
48,NFCORE_ATACSEQ:ATACSEQ:FASTQ_ALIGN_BWA:BAM_SORT_STATS_SAMTOOLS:SAMTOOLS_INDEX (OSMOTIC_STRESS_T15_PE_REP1_T2),COMPLETED,0,2026-07-22 02:17:38.011,2026-07-22 02:17:38.642,0ms,127.4%,7 MB,8.7 MB,2026-07-22 02:17:38.011,2026-07-22 02:17:38.642,8258.011,8258.642,SAMTOOLS_INDEX,
52,NFCORE_ATACSEQ:ATACSEQ:PICARD_MERGESAMFILES_LIBRARY (OSMOTIC_STRESS_T0_PE_REP2),COMPLETED,0,2026-07-22 02:17:38.742,2026-07-22 02:17:42.016,1s,166.3%,15.4 MB,8 MB,2026-07-22 02:17:38.742,2026-07-22 02:17:42.016,8258.742,8262.016,PICARD_MERGESAMFILES_LIBRARY,99.25
51,NFCORE_ATACSEQ:ATACSEQ:PICARD_MERGESAMFILES_LIBRARY (OSMOTIC_STRESS_T100_SE_REP2),COMPLETED,0,2026-07-22 02:17:42.116,2026-07-22 02:17:44.810,1s,189.9%,19.1 MB,8 MB,2026-07-22 02:17:42.116,2026-07-22 02:17:44.810,8262.116,8264.81,PICARD_MERGESAMFILES_LIBRARY,106.52
49,NFCORE_ATACSEQ:ATACSEQ:PICARD_MERGESAMFILES_LIBRARY (OSMOTIC_STRESS_T0_PE_REP1),COMPLETED,0,2026-07-22 02:17:44.911,2026-07-22 02:17:47.311,1s,195.4%,18.9 MB,8 MB,2026-07-22 02:17:44.911,2026-07-22 02:17:47.311,8264.911,8267.311,PICARD_MERGESAMFILES_LIBRARY,68.07
54,NFCORE_ATACSEQ:ATACSEQ:PICARD_MERGESAMFILES_LIBRARY (OSMOTIC_STRESS_T15_PE_REP1),COMPLETED,0,2026-07-22 02:17:47.411,2026-07-22 02:17:53.195,4s,238.7%,271.2 MB,34.4 MB,2026-07-22 02:17:47.411,2026-07-22 02:17:53.195,8267.411,8273.195,PICARD_MERGESAMFILES_LIBRARY,184.25
50,NFCORE_ATACSEQ:ATACSEQ:PICARD_MERGESAMFILES_LIBRARY (OSMOTIC_STRESS_T100_SE_REP1),COMPLETED,0,2026-07-22 02:17:53.295,2026-07-22 02:17:55.878,1s,186.5%,18.7 MB,8 MB,2026-07-22 02:17:53.295,2026-07-22 02:17:55.878,8273.295,8275.878,PICARD_MERGESAMFILES_LIBRARY,101.3
53,NFCORE_ATACSEQ:ATACSEQ:PICARD_MERGESAMFILES_LIBRARY (OSMOTIC_STRESS_T150_SE_REP1),COMPLETED,0,2026-07-22 02:17:55.978,2026-07-22 02:18:00.598,3s,296.0%,251.1 MB,25.5 MB,2026-07-22 02:17:55.978,2026-07-22 02:18:00.598,8275.978,8280.598,PICARD_MERGESAMFILES_LIBRARY,135.19
61,NFCORE_ATACSEQ:ATACSEQ:FASTQ_ALIGN_BWA:BAM_SORT_STATS_SAMTOOLS:BAM_STATS_SAMTOOLS:SAMTOOLS_FLAGSTAT (OSMOTIC_STRESS_T100_SE_REP2_T1),COMPLETED,0,2026-07-22 02:18:00.698,2026-07-22 02:18:01.244,1s,98.5%,7.2 MB,4 MB,2026-07-22 02:18:00.698,2026-07-22 02:18:01.244,8280.698,8281.244,SAMTOOLS_FLAGSTAT,29.39
59,NFCORE_ATACSEQ:ATACSEQ:FASTQ_ALIGN_BWA:BAM_SORT_STATS_SAMTOOLS:BAM_STATS_SAMTOOLS:SAMTOOLS_FLAGSTAT (OSMOTIC_STRESS_T100_SE_REP1_T1),COMPLETED,0,2026-07-22 02:18:01.345,2026-07-22 02:18:01.905,0ms,110.8%,7.2 MB,4.2 MB,2026-07-22 02:18:01.345,2026-07-22 02:18:01.905,8281.345,8281.905,SAMTOOLS_FLAGSTAT,36.23
69,NFCORE_ATACSEQ:ATACSEQ:FASTQ_ALIGN_BWA:BAM_SORT_STATS_SAMTOOLS:BAM_STATS_SAMTOOLS:SAMTOOLS_FLAGSTAT (OSMOTIC_STRESS_T150_SE_REP1_T2),COMPLETED,0,2026-07-22 02:18:02.005,2026-07-22 02:18:02.588,0ms,113.4%,7.1 MB,4.3 MB,2026-07-22 02:18:02.005,2026-07-22 02:18:02.588,8282.005,8282.588,SAMTOOLS_FLAGSTAT,
75,NFCORE_ATACSEQ:ATACSEQ:FASTQ_ALIGN_BWA:BAM_SORT_STATS_SAMTOOLS:BAM_STATS_SAMTOOLS:SAMTOOLS_IDXSTATS (OSMOTIC_STRESS_T15_PE_REP1_T1),COMPLETED,0,2026-07-22 02:18:02.688,2026-07-22 02:18:03.256,1s,71.6%,3.2 MB,120.5 KB,2026-07-22 02:18:02.688,2026-07-22 02:18:03.256,8282.688,8283.256,SAMTOOLS_IDXSTATS,36.12
58,NFCORE_ATACSEQ:ATACSEQ:FASTQ_ALIGN_BWA:BAM_SORT_STATS_SAMTOOLS:BAM_STATS_SAMTOOLS:SAMTOOLS_IDXSTATS (OSMOTIC_STRESS_T100_SE_REP1_T1),COMPLETED,0,2026-07-22 02:18:03.356,2026-07-22 02:18:03.922,0ms,94.1%,3.2 MB,123.1 KB,2026-07-22 02:18:03.356,2026-07-22 02:18:03.922,8283.356,8283.922,SAMTOOLS_IDXSTATS,35.8
62,NFCORE_ATACSEQ:ATACSEQ:FASTQ_ALIGN_BWA:BAM_SORT_STATS_SAMTOOLS:BAM_STATS_SAMTOOLS:SAMTOOLS_IDXSTATS (OSMOTIC_STRESS_T100_SE_REP2_T1),COMPLETED,0,2026-07-22 02:18:04.022,2026-07-22 02:18:04.568,0ms,114.3%,3.2 MB,123.9 KB,2026-07-22 02:18:04.022,2026-07-22 02:18:04.568,8284.022,8284.568,SAMTOOLS_IDXSTATS,
66,NFCORE_ATACSEQ:ATACSEQ:FASTQ_ALIGN_BWA:BAM_SORT_STATS_SAMTOOLS:BAM_STATS_SAMTOOLS:SAMTOOLS_IDXSTATS (OSMOTIC_STRESS_T0_PE_REP2_T1),COMPLETED,0,2026-07-22 02:18:04.669,2026-07-22 02:18:05.295,0ms,108.5%,3.2 MB,121.5 KB,2026-07-22 02:18:04.669,2026-07-22 02:18:05.295,8284.669,8285.295,SAMTOOLS_IDXSTATS,
70,NFCORE_ATACSEQ:ATACSEQ:FASTQ_ALIGN_BWA:BAM_SORT_STATS_SAMTOOLS:BAM_STATS_SAMTOOLS:SAMTOOLS_FLAGSTAT (OSMOTIC_STRESS_T15_PE_REP1_T1),COMPLETED,0,2026-07-22 02:18:05.395,2026-07-22 02:18:05.967,0ms,121.7%,6.9 MB,8.7 MB,2026-07-22 02:18:05.395,2026-07-22 02:18:05.967,8285.395,8285.967,SAMTOOLS_FLAGSTAT,33.39
72,NFCORE_ATACSEQ:ATACSEQ:FASTQ_ALIGN_BWA:BAM_SORT_STATS_SAMTOOLS:BAM_STATS_SAMTOOLS:SAMTOOLS_IDXSTATS (OSMOTIC_STRESS_T150_SE_REP1_T1),COMPLETED,0,2026-07-22 02:18:06.068,2026-07-22 02:18:06.592,0ms,92.3%,3.3 MB,121.5 KB,2026-07-22 02:18:06.068,2026-07-22 02:18:06.592,8286.068,8286.592,SAMTOOLS_IDXSTATS,
77,NFCORE_ATACSEQ:ATACSEQ:FASTQ_ALIGN_BWA:BAM_SORT_STATS_SAMTOOLS:BAM_STATS_SAMTOOLS:SAMTOOLS_IDXSTATS (OSMOTIC_STRESS_T15_PE_REP1_T2),COMPLETED,0,2026-07-22 02:18:06.692,2026-07-22 02:18:07.239,0ms,100.0%,3.3 MB,120.6 KB,2026-07-22 02:18:06.692,2026-07-22 02:18:07.239,8286.692,8287.239,SAMTOOLS_IDXSTATS,33.86
73,NFCORE_ATACSEQ:ATACSEQ:FASTQ_ALIGN_BWA:BAM_SORT_STATS_SAMTOOLS:BAM_STATS_SAMTOOLS:SAMTOOLS_IDXSTATS (OSMOTIC_STRESS_T150_SE_REP1_T2),COMPLETED,0,2026-07-22 02:18:07.339,2026-07-22 02:18:07.892,0ms,82.8%,3.2 MB,121.5 KB,2026-07-22 02:18:07.339,2026-07-22 02:18:07.892,8287.339,8287.892,SAMTOOLS_IDXSTATS,34.09
55,NFCORE_ATACSEQ:ATACSEQ:FASTQ_ALIGN_BWA:BAM_SORT_STATS_SAMTOOLS:BAM_STATS_SAMTOOLS:SAMTOOLS_IDXSTATS (OSMOTIC_STRESS_T0_PE_REP1_T1),COMPLETED,0,2026-07-22 02:18:07.992,2026-07-22 02:18:08.501,0ms,116.4%,3.3 MB,120 KB,2026-07-22 02:18:07.992,2026-07-22 02:18:08.501,8287.992,8288.501,SAMTOOLS_IDXSTATS,
56,NFCORE_ATACSEQ:ATACSEQ:FASTQ_ALIGN_BWA:BAM_SORT_STATS_SAMTOOLS:BAM_STATS_SAMTOOLS:SAMTOOLS_FLAGSTAT (OSMOTIC_STRESS_T0_PE_REP1_T1),COMPLETED,0,2026-07-22 02:18:08.601,2026-07-22 02:18:09.172,0ms,122.4%,7.1 MB,8.4 MB,2026-07-22 02:18:08.601,2026-07-22 02:18:09.172,8288.601,8289.172,SAMTOOLS_FLAGSTAT,35.91
67,NFCORE_ATACSEQ:ATACSEQ:FASTQ_ALIGN_BWA:BAM_SORT_STATS_SAMTOOLS:BAM_STATS_SAMTOOLS:SAMTOOLS_FLAGSTAT (OSMOTIC_STRESS_T150_SE_REP1_T1),COMPLETED,0,2026-07-22 02:18:09.272,2026-07-22 02:18:09.828,0ms,116.1%,6.9 MB,4.2 MB,2026-07-22 02:18:09.272,2026-07-22 02:18:09.828,8289.272,8289.828,SAMTOOLS_FLAGSTAT,
65,NFCORE_ATACSEQ:ATACSEQ:FASTQ_ALIGN_BWA:BAM_SORT_STATS_SAMTOOLS:BAM_STATS_SAMTOOLS:SAMTOOLS_FLAGSTAT (OSMOTIC_STRESS_T0_PE_REP2_T1),COMPLETED,0,2026-07-22 02:18:09.928,2026-07-22 02:18:10.567,0ms,117.3%,7.1 MB,8.3 MB,2026-07-22 02:18:09.928,2026-07-22 02:18:10.567,8289.928,8290.567,SAMTOOLS_FLAGSTAT,
71,NFCORE_ATACSEQ:ATACSEQ:FASTQ_ALIGN_BWA:BAM_SORT_STATS_SAMTOOLS:BAM_STATS_SAMTOOLS:SAMTOOLS_FLAGSTAT (OSMOTIC_STRESS_T15_PE_REP1_T2),COMPLETED,0,2026-07-22 02:18:10.667,2026-07-22 02:18:11.260,1s,119.1%,7 MB,8.7 MB,2026-07-22 02:18:10.667,2026-07-22 02:18:11.260,8290.667,8291.26,SAMTOOLS_FLAGSTAT,34.97
76,NFCORE_ATACSEQ:ATACSEQ:FASTQ_ALIGN_BWA:BAM_SORT_STATS_SAMTOOLS:BAM_STATS_SAMTOOLS:SAMTOOLS_STATS (OSMOTIC_STRESS_T15_PE_REP1_T1),COMPLETED,0,2026-07-22 02:18:11.360,2026-07-22 02:18:12.153,0ms,126.2%,7.6 MB,8.7 MB,2026-07-22 02:18:11.360,2026-07-22 02:18:12.153,8291.36,8292.153,SAMTOOLS_STATS,33.95
57,NFCORE_ATACSEQ:ATACSEQ:FASTQ_ALIGN_BWA:BAM_SORT_STATS_SAMTOOLS:BAM_STATS_SAMTOOLS:SAMTOOLS_STATS (OSMOTIC_STRESS_T0_PE_REP1_T1),COMPLETED,0,2026-07-22 02:18:12.253,2026-07-22 02:18:13.002,0ms,129.2%,7.7 MB,8.4 MB,2026-07-22 02:18:12.253,2026-07-22 02:18:13.002,8292.253,8293.002,SAMTOOLS_STATS,32.7
64,NFCORE_ATACSEQ:ATACSEQ:FASTQ_ALIGN_BWA:BAM_SORT_STATS_SAMTOOLS:BAM_STATS_SAMTOOLS:SAMTOOLS_STATS (OSMOTIC_STRESS_T0_PE_REP2_T1),COMPLETED,0,2026-07-22 02:18:13.102,2026-07-22 02:18:13.873,0ms,127.7%,7.5 MB,8.3 MB,2026-07-22 02:18:13.102,2026-07-22 02:18:13.873,8293.102,8293.873,SAMTOOLS_STATS,
63,NFCORE_ATACSEQ:ATACSEQ:FASTQ_ALIGN_BWA:BAM_SORT_STATS_SAMTOOLS:BAM_STATS_SAMTOOLS:SAMTOOLS_STATS (OSMOTIC_STRESS_T100_SE_REP2_T1),COMPLETED,0,2026-07-22 02:18:13.973,2026-07-22 02:18:14.628,0ms,118.5%,7.5 MB,4 MB,2026-07-22 02:18:13.973,2026-07-22 02:18:14.628,8293.973,8294.628,SAMTOOLS_STATS,
78,NFCORE_ATACSEQ:ATACSEQ:FASTQ_ALIGN_BWA:BAM_SORT_STATS_SAMTOOLS:BAM_STATS_SAMTOOLS:SAMTOOLS_STATS (OSMOTIC_STRESS_T15_PE_REP1_T2),COMPLETED,0,2026-07-22 02:18:14.729,2026-07-22 02:18:15.495,0ms,129.5%,7.7 MB,8.7 MB,2026-07-22 02:18:14.729,2026-07-22 02:18:15.495,8294.729,8295.495,SAMTOOLS_STATS,38.99
74,NFCORE_ATACSEQ:ATACSEQ:FASTQ_ALIGN_BWA:BAM_SORT_STATS_SAMTOOLS:BAM_STATS_SAMTOOLS:SAMTOOLS_STATS (OSMOTIC_STRESS_T150_SE_REP1_T2),COMPLETED,0,2026-07-22 02:18:15.595,2026-07-22 02:18:16.263,1s,119.9%,7.4 MB,4.3 MB,2026-07-22 02:18:15.595,2026-07-22 02:18:16.263,8295.595,8296.263,SAMTOOLS_STATS,33.1
68,NFCORE_ATACSEQ:ATACSEQ:FASTQ_ALIGN_BWA:BAM_SORT_STATS_SAMTOOLS:BAM_STATS_SAMTOOLS:SAMTOOLS_STATS (OSMOTIC_STRESS_T150_SE_REP1_T1),COMPLETED,0,2026-07-22 02:18:16.363,2026-07-22 02:18:16.995,0ms,123.6%,7.5 MB,4.2 MB,2026-07-22 02:18:16.363,2026-07-22 02:18:16.995,8296.363,8296.995,SAMTOOLS_STATS,33.83
60,NFCORE_ATACSEQ:ATACSEQ:FASTQ_ALIGN_BWA:BAM_SORT_STATS_SAMTOOLS:BAM_STATS_SAMTOOLS:SAMTOOLS_STATS (OSMOTIC_STRESS_T100_SE_REP1_T1),COMPLETED,0,2026-07-22 02:18:17.095,2026-07-22 02:18:17.783,0ms,116.5%,7.6 MB,4.2 MB,2026-07-22 02:18:17.095,2026-07-22 02:18:17.783,8297.095,8297.783,SAMTOOLS_STATS,
79,NFCORE_ATACSEQ:ATACSEQ:MERGED_LIBRARY_MARKDUPLICATES_PICARD:PICARD_MARKDUPLICATES (OSMOTIC_STRESS_T0_PE_REP2),COMPLETED,0,2026-07-22 02:18:17.883,2026-07-22 02:18:27.105,7s,208.6%,2.1 GB,33.2 MB,2026-07-22 02:18:17.883,2026-07-22 02:18:27.105,8297.883,8307.105,PICARD_MARKDUPLICATES,339.05000000000007
80,NFCORE_ATACSEQ:ATACSEQ:MERGED_LIBRARY_MARKDUPLICATES_PICARD:PICARD_MARKDUPLICATES (OSMOTIC_STRESS_T100_SE_REP2),COMPLETED,0,2026-07-22 02:18:27.206,2026-07-22 02:18:34.333,6s,262.9%,1.9 GB,24.8 MB,2026-07-22 02:18:27.206,2026-07-22 02:18:34.333,8307.206,8314.333,PICARD_MARKDUPLICATES,235.85000000000002
81,NFCORE_ATACSEQ:ATACSEQ:MERGED_LIBRARY_MARKDUPLICATES_PICARD:PICARD_MARKDUPLICATES (OSMOTIC_STRESS_T0_PE_REP1),COMPLETED,0,2026-07-22 02:18:34.433,2026-07-22 02:18:43.085,6s,222.0%,2.2 GB,33.6 MB,2026-07-22 02:18:34.433,2026-07-22 02:18:43.085,8314.433,8323.085,PICARD_MARKDUPLICATES,274.15000000000003
82,NFCORE_ATACSEQ:ATACSEQ:MERGED_LIBRARY_MARKDUPLICATES_PICARD:PICARD_MARKDUPLICATES (OSMOTIC_STRESS_T15_PE_REP1),COMPLETED,0,2026-07-22 02:18:43.184,2026-07-22 02:18:54.268,9s,212.5%,2.3 GB,51.2 MB,2026-07-22 02:18:43.184,2026-07-22 02:18:54.268,8323.184,8334.268,PICARD_MARKDUPLICATES,339.60999999999996
83,NFCORE_ATACSEQ:ATACSEQ:MERGED_LIBRARY_MARKDUPLICATES_PICARD:PICARD_MARKDUPLICATES (OSMOTIC_STRESS_T100_SE_REP1),COMPLETED,0,2026-07-22 02:18:54.369,2026-07-22 02:19:01.999,5s,233.6%,1.8 GB,25.2 MB,2026-07-22 02:18:54.369,2026-07-22 02:19:01.999,8334.369,8341.999,PICARD_MARKDUPLICATES,228.42000000000002
84,NFCORE_ATACSEQ:ATACSEQ:MERGED_LIBRARY_MARKDUPLICATES_PICARD:PICARD_MARKDUPLICATES (OSMOTIC_STRESS_T150_SE_REP1),COMPLETED,0,2026-07-22 02:19:02.100,2026-07-22 02:19:10.263,6s,215.4%,2 GB,33.8 MB,2026-07-22 02:19:02.100,2026-07-22 02:19:10.263,8342.1,8350.263,PICARD_MARKDUPLICATES,269.52
85,NFCORE_ATACSEQ:ATACSEQ:MERGED_LIBRARY_MARKDUPLICATES_PICARD:SAMTOOLS_INDEX (OSMOTIC_STRESS_T0_PE_REP2),COMPLETED,0,2026-07-22 02:19:10.362,2026-07-22 02:19:11.004,0ms,136.7%,7 MB,8.7 MB,2026-07-22 02:19:10.362,2026-07-22 02:19:11.004,8350.362,8351.004,SAMTOOLS_INDEX,
86,NFCORE_ATACSEQ:ATACSEQ:MERGED_LIBRARY_MARKDUPLICATES_PICARD:SAMTOOLS_INDEX (OSMOTIC_STRESS_T100_SE_REP2),COMPLETED,0,2026-07-22 02:19:11.104,2026-07-22 02:19:11.696,0ms,112.7%,7.2 MB,4.2 MB,2026-07-22 02:19:11.104,2026-07-22 02:19:11.696,8351.104,8351.696,SAMTOOLS_INDEX,35.58
87,NFCORE_ATACSEQ:ATACSEQ:MERGED_LIBRARY_MARKDUPLICATES_PICARD:SAMTOOLS_INDEX (OSMOTIC_STRESS_T0_PE_REP1),COMPLETED,0,2026-07-22 02:19:11.854,2026-07-22 02:19:12.429,0ms,132.6%,7.1 MB,8.8 MB,2026-07-22 02:19:11.854,2026-07-22 02:19:12.429,8351.854,8352.429,SAMTOOLS_INDEX,35.97
88,NFCORE_ATACSEQ:ATACSEQ:MERGED_LIBRARY_MARKDUPLICATES_PICARD:SAMTOOLS_INDEX (OSMOTIC_STRESS_T15_PE_REP1),COMPLETED,0,2026-07-22 02:19:12.530,2026-07-22 02:19:13.226,0ms,135.7%,6.9 MB,17.7 MB,2026-07-22 02:19:12.530,2026-07-22 02:19:13.226,8352.53,8353.226,SAMTOOLS_INDEX,34.73
89,NFCORE_ATACSEQ:ATACSEQ:MERGED_LIBRARY_MARKDUPLICATES_PICARD:SAMTOOLS_INDEX (OSMOTIC_STRESS_T100_SE_REP1),COMPLETED,0,2026-07-22 02:19:13.326,2026-07-22 02:19:13.946,0ms,105.3%,7.1 MB,4.4 MB,2026-07-22 02:19:13.326,2026-07-22 02:19:13.946,8353.326,8353.946,SAMTOOLS_INDEX,
90,NFCORE_ATACSEQ:ATACSEQ:MERGED_LIBRARY_MARKDUPLICATES_PICARD:SAMTOOLS_INDEX (OSMOTIC_STRESS_T150_SE_REP1),COMPLETED,0,2026-07-22 02:19:14.047,2026-07-22 02:19:14.732,0ms,127.4%,7 MB,8.7 MB,2026-07-22 02:19:14.047,2026-07-22 02:19:14.732,8354.047,8354.732,SAMTOOLS_INDEX,41.0
91,NFCORE_ATACSEQ:ATACSEQ:MERGED_LIBRARY_FILTER_BAM:BAMTOOLS_FILTER (OSMOTIC_STRESS_T0_PE_REP2),COMPLETED,0,2026-07-22 02:19:14.833,2026-07-22 02:19:16.537,1s,123.1%,12 MB,12.9 MB,2026-07-22 02:19:14.833,2026-07-22 02:19:16.537,8354.833,8356.537,BAMTOOLS_FILTER,69.16
92,NFCORE_ATACSEQ:ATACSEQ:MERGED_LIBRARY_FILTER_BAM:BAMTOOLS_FILTER (OSMOTIC_STRESS_T100_SE_REP2),COMPLETED,0,2026-07-22 02:19:16.637,2026-07-22 02:19:17.629,1s,128.6%,12 MB,6.2 MB,2026-07-22 02:19:16.637,2026-07-22 02:19:17.629,8356.637,8357.629,BAMTOOLS_FILTER,38.33
93,NFCORE_ATACSEQ:ATACSEQ:MERGED_LIBRARY_FILTER_BAM:BAMTOOLS_FILTER (OSMOTIC_STRESS_T0_PE_REP1),COMPLETED,0,2026-07-22 02:19:17.729,2026-07-22 02:19:19.423,1s,130.4%,12.1 MB,13.7 MB,2026-07-22 02:19:17.729,2026-07-22 02:19:19.423,8357.729,8359.423,BAMTOOLS_FILTER,63.14
94,NFCORE_ATACSEQ:ATACSEQ:MERGED_LIBRARY_FILTER_BAM:BAMTOOLS_FILTER (OSMOTIC_STRESS_T15_PE_REP1),COMPLETED,0,2026-07-22 02:19:19.524,2026-07-22 02:19:22.802,3s,130.5%,11.8 MB,29.2 MB,2026-07-22 02:19:19.524,2026-07-22 02:19:22.802,8359.524,8362.802,BAMTOOLS_FILTER,84.08
95,NFCORE_ATACSEQ:ATACSEQ:MERGED_LIBRARY_FILTER_BAM:BAMTOOLS_FILTER (OSMOTIC_STRESS_T100_SE_REP1),COMPLETED,0,2026-07-22 02:19:22.902,2026-07-22 02:19:24.028,0ms,126.1%,11.9 MB,6.8 MB,2026-07-22 02:19:22.902,2026-07-22 02:19:24.028,8362.902,8364.028,BAMTOOLS_FILTER,35.12
106,NFCORE_ATACSEQ:ATACSEQ:MERGED_LIBRARY_MARKDUPLICATES_PICARD:BAM_STATS_SAMTOOLS:SAMTOOLS_IDXSTATS (OSMOTIC_STRESS_T0_PE_REP1),COMPLETED,0,2026-07-22 02:19:24.128,2026-07-22 02:19:24.690,0ms,87.3%,3.2 MB,130.5 KB,2026-07-22 02:19:24.128,2026-07-22 02:19:24.690,8364.128,8364.69,SAMTOOLS_IDXSTATS,34.81
96,NFCORE_ATACSEQ:ATACSEQ:MERGED_LIBRARY_FILTER_BAM:BAMTOOLS_FILTER (OSMOTIC_STRESS_T150_SE_REP1),COMPLETED,0,2026-07-22 02:19:24.790,2026-07-22 02:19:26.575,1s,131.1%,12 MB,14.2 MB,2026-07-22 02:19:24.790,2026-07-22 02:19:26.575,8364.79,8366.575,BAMTOOLS_FILTER,60.14
103,NFCORE_ATACSEQ:ATACSEQ:MERGED_LIBRARY_MARKDUPLICATES_PICARD:BAM_STATS_SAMTOOLS:SAMTOOLS_FLAGSTAT (OSMOTIC_STRESS_T0_PE_REP1),COMPLETED,0,2026-07-22 02:19:26.676,2026-07-22 02:19:27.267,1s,129.9%,7.1 MB,8.8 MB,2026-07-22 02:19:26.676,2026-07-22 02:19:27.267,8366.676,8367.267,SAMTOOLS_FLAGSTAT,31.02
99,NFCORE_ATACSEQ:ATACSEQ:MERGED_LIBRARY_MARKDUPLICATES_PICARD:BAM_STATS_SAMTOOLS:SAMTOOLS_IDXSTATS (OSMOTIC_STRESS_T0_PE_REP2),COMPLETED,0,2026-07-22 02:19:27.367,2026-07-22 02:19:27.940,0ms,116.4%,3.2 MB,132.5 KB,2026-07-22 02:19:27.367,2026-07-22 02:19:27.940,8367.367,8367.94,SAMTOOLS_IDXSTATS,
105,NFCORE_ATACSEQ:ATACSEQ:MERGED_LIBRARY_MARKDUPLICATES_PICARD:BAM_STATS_SAMTOOLS:SAMTOOLS_FLAGSTAT (OSMOTIC_STRESS_T15_PE_REP1),COMPLETED,0,2026-07-22 02:19:28.040,2026-07-22 02:19:28.722,0ms,133.3%,7 MB,17.7 MB,2026-07-22 02:19:28.040,2026-07-22 02:19:28.722,8368.04,8368.722,SAMTOOLS_FLAGSTAT,33.91
101,NFCORE_ATACSEQ:ATACSEQ:MERGED_LIBRARY_MARKDUPLICATES_PICARD:BAM_STATS_SAMTOOLS:SAMTOOLS_IDXSTATS (OSMOTIC_STRESS_T100_SE_REP2),COMPLETED,0,2026-07-22 02:19:28.822,2026-07-22 02:19:29.404,0ms,56.1%,3.3 MB,135.3 KB,2026-07-22 02:19:28.822,2026-07-22 02:19:29.404,8368.822,8369.404,SAMTOOLS_IDXSTATS,36.4
109,NFCORE_ATACSEQ:ATACSEQ:MERGED_LIBRARY_MARKDUPLICATES_PICARD:BAM_STATS_SAMTOOLS:SAMTOOLS_FLAGSTAT (OSMOTIC_STRESS_T100_SE_REP1),COMPLETED,0,2026-07-22 02:19:29.504,2026-07-22 02:19:30.116,0ms,115.2%,7 MB,4.4 MB,2026-07-22 02:19:29.504,2026-07-22 02:19:30.116,8369.504,8370.116,SAMTOOLS_FLAGSTAT,
114,NFCORE_ATACSEQ:ATACSEQ:MERGED_LIBRARY_MARKDUPLICATES_PICARD:BAM_STATS_SAMTOOLS:SAMTOOLS_IDXSTATS (OSMOTIC_STRESS_T150_SE_REP1),COMPLETED,0,2026-07-22 02:19:30.216,2026-07-22 02:19:30.759,0ms,82.8%,3.2 MB,131.5 KB,2026-07-22 02:19:30.216,2026-07-22 02:19:30.759,8370.216,8370.759,SAMTOOLS_IDXSTATS,32.98
112,NFCORE_ATACSEQ:ATACSEQ:MERGED_LIBRARY_MARKDUPLICATES_PICARD:BAM_STATS_SAMTOOLS:SAMTOOLS_IDXSTATS (OSMOTIC_STRESS_T15_PE_REP1),COMPLETED,0,2026-07-22 02:19:30.859,2026-07-22 02:19:31.399,0ms,70.6%,3.2 MB,131 KB,2026-07-22 02:19:30.859,2026-07-22 02:19:31.399,8370.859,8371.399,SAMTOOLS_IDXSTATS,33.22
98,NFCORE_ATACSEQ:ATACSEQ:MERGED_LIBRARY_MARKDUPLICATES_PICARD:BAM_STATS_SAMTOOLS:SAMTOOLS_FLAGSTAT (OSMOTIC_STRESS_T0_PE_REP2),COMPLETED,0,2026-07-22 02:19:31.499,2026-07-22 02:19:32.123,0ms,123.1%,3.8 MB,8.7 MB,2026-07-22 02:19:31.499,2026-07-22 02:19:32.123,8371.499,8372.123,SAMTOOLS_FLAGSTAT,
102,NFCORE_ATACSEQ:ATACSEQ:MERGED_LIBRARY_MARKDUPLICATES_PICARD:BAM_STATS_SAMTOOLS:SAMTOOLS_FLAGSTAT (OSMOTIC_STRESS_T100_SE_REP2),COMPLETED,0,2026-07-22 02:19:32.223,2026-07-22 02:19:32.859,0ms,123.1%,7.1 MB,4.2 MB,2026-07-22 02:19:32.223,2026-07-22 02:19:32.859,8372.223,8372.859,SAMTOOLS_FLAGSTAT,34.08
113,NFCORE_ATACSEQ:ATACSEQ:MERGED_LIBRARY_MARKDUPLICATES_PICARD:BAM_STATS_SAMTOOLS:SAMTOOLS_IDXSTATS (OSMOTIC_STRESS_T100_SE_REP1),COMPLETED,0,2026-07-22 02:19:32.960,2026-07-22 02:19:33.501,0ms,112.3%,3.1 MB,134.5 KB,2026-07-22 02:19:32.960,2026-07-22 02:19:33.501,8372.96,8373.501,SAMTOOLS_IDXSTATS,33.94
110,NFCORE_ATACSEQ:ATACSEQ:MERGED_LIBRARY_MARKDUPLICATES_PICARD:BAM_STATS_SAMTOOLS:SAMTOOLS_FLAGSTAT (OSMOTIC_STRESS_T150_SE_REP1),COMPLETED,0,2026-07-22 02:19:33.601,2026-07-22 02:19:34.258,1s,126.7%,7 MB,8.7 MB,2026-07-22 02:19:33.601,2026-07-22 02:19:34.258,8373.601,8374.258,SAMTOOLS_FLAGSTAT,
107,NFCORE_ATACSEQ:ATACSEQ:MERGED_LIBRARY_MARKDUPLICATES_PICARD:BAM_STATS_SAMTOOLS:SAMTOOLS_STATS (OSMOTIC_STRESS_T15_PE_REP1),COMPLETED,0,2026-07-22 02:19:34.358,2026-07-22 02:19:35.362,1s,131.9%,7.7 MB,17.7 MB,2026-07-22 02:19:34.358,2026-07-22 02:19:35.362,8374.358,8375.362,SAMTOOLS_STATS,32.92
97,NFCORE_ATACSEQ:ATACSEQ:MERGED_LIBRARY_MARKDUPLICATES_PICARD:BAM_STATS_SAMTOOLS:SAMTOOLS_STATS (OSMOTIC_STRESS_T0_PE_REP2),COMPLETED,0,2026-07-22 02:19:35.462,2026-07-22 02:19:36.246,1s,128.7%,7.6 MB,8.7 MB,2026-07-22 02:19:35.462,2026-07-22 02:19:36.246,8375.462,8376.246,SAMTOOLS_STATS,
111,NFCORE_ATACSEQ:ATACSEQ:MERGED_LIBRARY_MARKDUPLICATES_PICARD:BAM_STATS_SAMTOOLS:SAMTOOLS_STATS (OSMOTIC_STRESS_T150_SE_REP1),COMPLETED,0,2026-07-22 02:19:36.346,2026-07-22 02:19:37.167,0ms,127.2%,7.6 MB,8.7 MB,2026-07-22 02:19:36.346,2026-07-22 02:19:37.167,8376.346,8377.167,SAMTOOLS_STATS,
108,NFCORE_ATACSEQ:ATACSEQ:MERGED_LIBRARY_MARKDUPLICATES_PICARD:BAM_STATS_SAMTOOLS:SAMTOOLS_STATS (OSMOTIC_STRESS_T100_SE_REP1),COMPLETED,0,2026-07-22 02:19:37.267,2026-07-22 02:19:37.961,0ms,125.2%,7.4 MB,4.4 MB,2026-07-22 02:19:37.267,2026-07-22 02:19:37.961,8377.267,8377.961,SAMTOOLS_STATS,36.34
100,NFCORE_ATACSEQ:ATACSEQ:MERGED_LIBRARY_MARKDUPLICATES_PICARD:BAM_STATS_SAMTOOLS:SAMTOOLS_STATS (OSMOTIC_STRESS_T100_SE_REP2),COMPLETED,0,2026-07-22 02:19:38.061,2026-07-22 02:19:38.773,0ms,123.5%,7.5 MB,4.2 MB,2026-07-22 02:19:38.061,2026-07-22 02:19:38.773,8378.061,8378.773,SAMTOOLS_STATS,40.53
104,NFCORE_ATACSEQ:ATACSEQ:MERGED_LIBRARY_MARKDUPLICATES_PICARD:BAM_STATS_SAMTOOLS:SAMTOOLS_STATS (OSMOTIC_STRESS_T0_PE_REP1),COMPLETED,0,2026-07-22 02:19:38.873,2026-07-22 02:19:39.716,0ms,130.4%,7.6 MB,8.8 MB,2026-07-22 02:19:38.873,2026-07-22 02:19:39.716,8378.873,8379.716,SAMTOOLS_STATS,41.46
115,NFCORE_ATACSEQ:ATACSEQ:MERGED_LIBRARY_FILTER_BAM:SAMTOOLS_SORT (OSMOTIC_STRESS_T0_PE_REP2),COMPLETED,0,2026-07-22 02:19:39.926,2026-07-22 02:19:40.874,0ms,186.3%,36.3 MB,4.1 MB,2026-07-22 02:19:39.926,2026-07-22 02:19:40.874,8379.926,8380.874,SAMTOOLS_SORT,41.48
116,NFCORE_ATACSEQ:ATACSEQ:MERGED_LIBRARY_FILTER_BAM:SAMTOOLS_INDEX (OSMOTIC_STRESS_T100_SE_REP2),COMPLETED,0,2026-07-22 02:19:40.974,2026-07-22 02:19:41.563,0ms,85.1%,3.2 MB,2 MB,2026-07-22 02:19:40.974,2026-07-22 02:19:41.563,8380.974,8381.563,SAMTOOLS_INDEX,39.98
117,NFCORE_ATACSEQ:ATACSEQ:MERGED_LIBRARY_PICARD_COLLECTMULTIPLEMETRICS (OSMOTIC_STRESS_T100_SE_REP2),COMPLETED,0,2026-07-22 02:19:41.663,2026-07-22 02:19:47.888,4s,408.6%,281.6 MB,60.1 MB,2026-07-22 02:19:41.663,2026-07-22 02:19:47.888,8381.663,8387.888,MERGED_LIBRARY_PICARD_COLLECTMULTIPLEMETRICS,239.87
118,NFCORE_ATACSEQ:ATACSEQ:MERGED_LIBRARY_FILTER_BAM:SAMTOOLS_SORT (OSMOTIC_STRESS_T0_PE_REP1),COMPLETED,0,2026-07-22 02:19:47.988,2026-07-22 02:19:48.862,0ms,181.4%,40.4 MB,4.7 MB,2026-07-22 02:19:47.988,2026-07-22 02:19:48.862,8387.988,8388.862,SAMTOOLS_SORT,34.99
119,NFCORE_ATACSEQ:ATACSEQ:MERGED_LIBRARY_FILTER_BAM:SAMTOOLS_SORT (OSMOTIC_STRESS_T15_PE_REP1),COMPLETED,0,2026-07-22 02:19:48.961,2026-07-22 02:19:50.253,1s,202.7%,40 MB,11 MB,2026-07-22 02:19:48.961,2026-07-22 02:19:50.253,8388.961,8390.253,SAMTOOLS_SORT,38.92
120,NFCORE_ATACSEQ:ATACSEQ:MERGED_LIBRARY_FILTER_BAM:SAMTOOLS_INDEX (OSMOTIC_STRESS_T100_SE_REP1),COMPLETED,0,2026-07-22 02:19:50.353,2026-07-22 02:19:50.967,0ms,80.0%,3.2 MB,2.4 MB,2026-07-22 02:19:50.353,2026-07-22 02:19:50.967,8390.353,8390.967,SAMTOOLS_INDEX,
121,NFCORE_ATACSEQ:ATACSEQ:MERGED_LIBRARY_PICARD_COLLECTMULTIPLEMETRICS (OSMOTIC_STRESS_T100_SE_REP1),COMPLETED,0,2026-07-22 02:19:51.067,2026-07-22 02:19:56.445,4s,433.4%,330.7 MB,60.5 MB,2026-07-22 02:19:51.067,2026-07-22 02:19:56.445,8391.067,8396.445,MERGED_LIBRARY_PICARD_COLLECTMULTIPLEMETRICS,221.0
122,NFCORE_ATACSEQ:ATACSEQ:MERGED_LIBRARY_FILTER_BAM:SAMTOOLS_INDEX (OSMOTIC_STRESS_T150_SE_REP1),COMPLETED,0,2026-07-22 02:19:56.545,2026-07-22 02:19:57.136,0ms,114.3%,7 MB,5.4 MB,2026-07-22 02:19:56.545,2026-07-22 02:19:57.136,8396.545,8397.136,SAMTOOLS_INDEX,
123,NFCORE_ATACSEQ:ATACSEQ:MERGED_LIBRARY_PICARD_COLLECTMULTIPLEMETRICS (OSMOTIC_STRESS_T150_SE_REP1),COMPLETED,0,2026-07-22 02:19:57.236,2026-07-22 02:20:02.766,4s,423.2%,358.8 MB,63.5 MB,2026-07-22 02:19:57.236,2026-07-22 02:20:02.766,8397.236,8402.766,MERGED_LIBRARY_PICARD_COLLECTMULTIPLEMETRICS,212.07000000000002
124,NFCORE_ATACSEQ:ATACSEQ:MERGED_LIBRARY_FILTER_BAM:BAM_REMOVE_ORPHANS (OSMOTIC_STRESS_T0_PE_REP2),COMPLETED,0,2026-07-22 02:20:02.866,2026-07-22 02:20:03.932,0ms,80.5%,9 MB,5.6 MB,2026-07-22 02:20:02.866,2026-07-22 02:20:03.932,8402.866,8403.932,BAM_REMOVE_ORPHANS,29.08
126,NFCORE_ATACSEQ:ATACSEQ:MERGED_LIBRARY_FILTER_BAM:BAM_STATS_SAMTOOLS:SAMTOOLS_FLAGSTAT (OSMOTIC_STRESS_T100_SE_REP2),COMPLETED,0,2026-07-22 02:20:04.033,2026-07-22 02:20:04.574,0ms,117.1%,3.2 MB,2 MB,2026-07-22 02:20:04.033,2026-07-22 02:20:04.574,8404.033,8404.574,SAMTOOLS_FLAGSTAT,33.33
125,NFCORE_ATACSEQ:ATACSEQ:MERGED_LIBRARY_FILTER_BAM:BAM_STATS_SAMTOOLS:SAMTOOLS_IDXSTATS (OSMOTIC_STRESS_T100_SE_REP2),COMPLETED,0,2026-07-22 02:20:04.674,2026-07-22 02:20:05.333,1s,57.1%,3.2 MB,135 KB,2026-07-22 02:20:04.674,2026-07-22 02:20:05.333,8404.674,8405.333,SAMTOOLS_IDXSTATS,
129,NFCORE_ATACSEQ:ATACSEQ:MERGED_LIBRARY_CALL_ANNOTATE_PEAKS:MACS2_CALLPEAK (OSMOTIC_STRESS_T100_SE_REP2),COMPLETED,0,2026-07-22 02:20:05.433,2026-07-22 02:20:07.348,1s,253.6%,10.4 MB,8.8 MB,2026-07-22 02:20:05.433,2026-07-22 02:20:07.348,8405.433,8407.348,MACS2_CALLPEAK,30.54
127,NFCORE_ATACSEQ:ATACSEQ:MERGED_LIBRARY_FILTER_BAM:BAM_STATS_SAMTOOLS:SAMTOOLS_STATS (OSMOTIC_STRESS_T100_SE_REP2),COMPLETED,0,2026-07-22 02:20:07.448,2026-07-22 02:20:08.023,0ms,112.8%,7.6 MB,2 MB,2026-07-22 02:20:07.448,2026-07-22 02:20:08.023,8407.448,8408.023,SAMTOOLS_STATS,
128,NFCORE_ATACSEQ:ATACSEQ:MERGED_LIBRARY_DEEPTOOLS_PLOTFINGERPRINT (OSMOTIC_STRESS_T100_SE_REP2),COMPLETED,0,2026-07-22 02:20:08.123,2026-07-22 02:20:17.413,8s,94.3%,1013.2 MB,41.3 MB,2026-07-22 02:20:08.123,2026-07-22 02:20:17.413,8408.123,8417.413,MERGED_LIBRARY_DEEPTOOLS_PLOTFINGERPRINT,245.41000000000003
130,NFCORE_ATACSEQ:ATACSEQ:MERGED_LIBRARY_FILTER_BAM:BAM_REMOVE_ORPHANS (OSMOTIC_STRESS_T0_PE_REP1),COMPLETED,0,2026-07-22 02:20:17.513,2026-07-22 02:20:18.436,1s,95.6%,15.2 MB,6.3 MB,2026-07-22 02:20:17.513,2026-07-22 02:20:18.436,8417.513,8418.436,BAM_REMOVE_ORPHANS,
131,NFCORE_ATACSEQ:ATACSEQ:MERGED_LIBRARY_FILTER_BAM:BAM_REMOVE_ORPHANS (OSMOTIC_STRESS_T15_PE_REP1),COMPLETED,0,2026-07-22 02:20:18.536,2026-07-22 02:20:20.005,1s,97.0%,16.5 MB,14.2 MB,2026-07-22 02:20:18.536,2026-07-22 02:20:20.005,8418.536,8420.005,BAM_REMOVE_ORPHANS,32.2
136,NFCORE_ATACSEQ:ATACSEQ:MERGED_LIBRARY_CALL_ANNOTATE_PEAKS:MACS2_CALLPEAK (OSMOTIC_STRESS_T100_SE_REP1),COMPLETED,0,2026-07-22 02:20:20.105,2026-07-22 02:20:21.702,1s,205.5%,13.2 MB,9.8 MB,2026-07-22 02:20:20.105,2026-07-22 02:20:21.702,8420.105,8421.702,MACS2_CALLPEAK,61.21
132,NFCORE_ATACSEQ:ATACSEQ:MERGED_LIBRARY_FILTER_BAM:BAM_STATS_SAMTOOLS:SAMTOOLS_FLAGSTAT (OSMOTIC_STRESS_T100_SE_REP1),COMPLETED,0,2026-07-22 02:20:21.803,2026-07-22 02:20:22.368,0ms,83.3%,3.3 MB,2.4 MB,2026-07-22 02:20:21.803,2026-07-22 02:20:22.368,8421.803,8422.368,SAMTOOLS_FLAGSTAT,
135,NFCORE_ATACSEQ:ATACSEQ:MERGED_LIBRARY_FILTER_BAM:BAM_STATS_SAMTOOLS:SAMTOOLS_IDXSTATS (OSMOTIC_STRESS_T100_SE_REP1),COMPLETED,0,2026-07-22 02:20:22.468,2026-07-22 02:20:23.051,0ms,85.7%,3.3 MB,134.3 KB,2026-07-22 02:20:22.468,2026-07-22 02:20:23.051,8422.468,8423.051,SAMTOOLS_IDXSTATS,32.79
134,NFCORE_ATACSEQ:ATACSEQ:MERGED_LIBRARY_DEEPTOOLS_PLOTFINGERPRINT (OSMOTIC_STRESS_T100_SE_REP1),COMPLETED,0,2026-07-22 02:20:23.151,2026-07-22 02:20:31.726,7s,100.8%,1.1 GB,40.8 MB,2026-07-22 02:20:23.151,2026-07-22 02:20:31.726,8423.151,8431.726,MERGED_LIBRARY_DEEPTOOLS_PLOTFINGERPRINT,230.21
133,NFCORE_ATACSEQ:ATACSEQ:MERGED_LIBRARY_FILTER_BAM:BAM_STATS_SAMTOOLS:SAMTOOLS_STATS (OSMOTIC_STRESS_T100_SE_REP1),COMPLETED,0,2026-07-22 02:20:31.826,2026-07-22 02:20:32.415,0ms,117.5%,7.7 MB,2.4 MB,2026-07-22 02:20:31.826,2026-07-22 02:20:32.415,8431.826,8432.415,SAMTOOLS_STATS,
137,NFCORE_ATACSEQ:ATACSEQ:MERGED_LIBRARY_CALL_ANNOTATE_PEAKS:MACS2_CALLPEAK (OSMOTIC_STRESS_T150_SE_REP1),COMPLETED,0,2026-07-22 02:20:32.515,2026-07-22 02:20:34.473,1s,152.1%,14.2 MB,16.2 MB,2026-07-22 02:20:32.515,2026-07-22 02:20:34.473,8432.515,8434.473,MACS2_CALLPEAK,66.39
141,NFCORE_ATACSEQ:ATACSEQ:MERGED_LIBRARY_DEEPTOOLS_PLOTFINGERPRINT (OSMOTIC_STRESS_T150_SE_REP1),COMPLETED,0,2026-07-22 02:20:34.573,2026-07-22 02:20:42.666,7s,100.8%,1013.3 MB,40.5 MB,2026-07-22 02:20:34.573,2026-07-22 02:20:42.666,8434.573,8442.666,MERGED_LIBRARY_DEEPTOOLS_PLOTFINGERPRINT,183.72
139,NFCORE_ATACSEQ:ATACSEQ:MERGED_LIBRARY_FILTER_BAM:BAM_STATS_SAMTOOLS:SAMTOOLS_IDXSTATS (OSMOTIC_STRESS_T150_SE_REP1),COMPLETED,0,2026-07-22 02:20:42.766,2026-07-22 02:20:43.355,0ms,76.2%,3.2 MB,130.2 KB,2026-07-22 02:20:42.766,2026-07-22 02:20:43.355,8442.766,8443.355,SAMTOOLS_IDXSTATS,
138,NFCORE_ATACSEQ:ATACSEQ:MERGED_LIBRARY_FILTER_BAM:BAM_STATS_SAMTOOLS:SAMTOOLS_FLAGSTAT (OSMOTIC_STRESS_T150_SE_REP1),COMPLETED,0,2026-07-22 02:20:43.455,2026-07-22 02:20:44.048,0ms,115.1%,7.1 MB,5.4 MB,2026-07-22 02:20:43.455,2026-07-22 02:20:44.048,8443.455,8444.048,SAMTOOLS_FLAGSTAT,39.8
140,NFCORE_ATACSEQ:ATACSEQ:MERGED_LIBRARY_FILTER_BAM:BAM_STATS_SAMTOOLS:SAMTOOLS_STATS (OSMOTIC_STRESS_T150_SE_REP1),COMPLETED,0,2026-07-22 02:20:44.149,2026-07-22 02:20:44.905,0ms,127.2%,7.7 MB,5.4 MB,2026-07-22 02:20:44.149,2026-07-22 02:20:44.905,8444.149,8444.905,SAMTOOLS_STATS,40.68
142,NFCORE_ATACSEQ:ATACSEQ:MERGED_LIBRARY_FILTER_BAM:BAM_SORT_STATS_SAMTOOLS:SAMTOOLS_SORT (OSMOTIC_STRESS_T0_PE_REP2),COMPLETED,0,2026-07-22 02:20:45.005,2026-07-22 02:20:45.741,0ms,174.1%,35.2 MB,4.6 MB,2026-07-22 02:20:45.005,2026-07-22 02:20:45.741,8445.005,8445.741,SAMTOOLS_SORT,35.59
143,NFCORE_ATACSEQ:ATACSEQ:MERGED_LIBRARY_BAM_TO_BIGWIG:BEDTOOLS_GENOMECOV (OSMOTIC_STRESS_T100_SE_REP2),COMPLETED,0,2026-07-22 02:20:45.840,2026-07-22 02:20:47.636,0ms,98.0%,13.6 MB,3.4 MB,2026-07-22 02:20:45.840,2026-07-22 02:20:47.636,8445.84,8447.636,BEDTOOLS_GENOMECOV,51.92
146,NFCORE_ATACSEQ:ATACSEQ:MERGED_LIBRARY_CALL_ANNOTATE_PEAKS:FRIP_SCORE (OSMOTIC_STRESS_T100_SE_REP2),COMPLETED,0,2026-07-22 02:20:47.736,2026-07-22 02:20:48.520,0ms,94.5%,18.1 MB,6.5 MB,2026-07-22 02:20:47.736,2026-07-22 02:20:48.520,8447.736,8448.52,FRIP_SCORE,
145,NFCORE_ATACSEQ:ATACSEQ:MERGED_LIBRARY_ATAQV_ATAQV (OSMOTIC_STRESS_T100_SE_REP2),COMPLETED,0,2026-07-22 02:20:48.620,2026-07-22 02:20:49.918,753ms,125.1%,4.2 MB,141.7 MB,2026-07-22 02:20:48.620,2026-07-22 02:20:49.918,8448.62,8449.918,MERGED_LIBRARY_ATAQV_ATAQV,67.88
144,NFCORE_ATACSEQ:ATACSEQ:MERGED_LIBRARY_CALL_ANNOTATE_PEAKS:HOMER_ANNOTATEPEAKS (OSMOTIC_STRESS_T100_SE_REP2),COMPLETED,0,2026-07-22 02:20:50.019,2026-07-22 02:20:55.564,4s,98.7%,266.1 MB,55.3 MB,2026-07-22 02:20:50.019,2026-07-22 02:20:55.564,8450.019,8455.564,HOMER_ANNOTATEPEAKS,132.38
147,NFCORE_ATACSEQ:ATACSEQ:MERGED_LIBRARY_FILTER_BAM:BAM_SORT_STATS_SAMTOOLS:SAMTOOLS_SORT (OSMOTIC_STRESS_T0_PE_REP1),COMPLETED,0,2026-07-22 02:20:55.664,2026-07-22 02:20:56.462,1s,172.2%,38.7 MB,5.4 MB,2026-07-22 02:20:55.664,2026-07-22 02:20:56.462,8455.664,8456.462,SAMTOOLS_SORT,28.67
148,NFCORE_ATACSEQ:ATACSEQ:MERGED_LIBRARY_FILTER_BAM:BAM_SORT_STATS_SAMTOOLS:SAMTOOLS_SORT (OSMOTIC_STRESS_T15_PE_REP1),COMPLETED,0,2026-07-22 02:20:56.562,2026-07-22 02:20:57.711,1s,201.8%,40.3 MB,13.2 MB,2026-07-22 02:20:56.562,2026-07-22 02:20:57.711,8456.562,8457.711,SAMTOOLS_SORT,77.39
151,NFCORE_ATACSEQ:ATACSEQ:MERGED_LIBRARY_CALL_ANNOTATE_PEAKS:FRIP_SCORE (OSMOTIC_STRESS_T100_SE_REP1),COMPLETED,0,2026-07-22 02:20:57.811,2026-07-22 02:20:58.548,0ms,107.0%,18.1 MB,7.9 MB,2026-07-22 02:20:57.811,2026-07-22 02:20:58.548,8457.811,8458.548,FRIP_SCORE,
150,NFCORE_ATACSEQ:ATACSEQ:MERGED_LIBRARY_ATAQV_ATAQV (OSMOTIC_STRESS_T100_SE_REP1),COMPLETED,0,2026-07-22 02:20:58.648,2026-07-22 02:20:59.919,696ms,130.3%,10.2 MB,142.4 MB,2026-07-22 02:20:58.648,2026-07-22 02:20:59.919,8458.648,8459.919,MERGED_LIBRARY_ATAQV_ATAQV,77.89
149,NFCORE_ATACSEQ:ATACSEQ:MERGED_LIBRARY_CALL_ANNOTATE_PEAKS:HOMER_ANNOTATEPEAKS (OSMOTIC_STRESS_T100_SE_REP1),COMPLETED,0,2026-07-22 02:21:00.019,2026-07-22 02:21:05.293,4s,99.2%,419.3 MB,55.6 MB,2026-07-22 02:21:00.019,2026-07-22 02:21:05.293,8460.019,8465.293,HOMER_ANNOTATEPEAKS,159.96
152,NFCORE_ATACSEQ:ATACSEQ:MERGED_LIBRARY_BAM_TO_BIGWIG:BEDTOOLS_GENOMECOV (OSMOTIC_STRESS_T100_SE_REP1),COMPLETED,0,2026-07-22 02:21:05.393,2026-07-22 02:21:07.354,1s,100.8%,13.7 MB,4.2 MB,2026-07-22 02:21:05.393,2026-07-22 02:21:07.354,8465.393,8467.354,BEDTOOLS_GENOMECOV,64.4
153,NFCORE_ATACSEQ:ATACSEQ:MERGED_LIBRARY_ATAQV_ATAQV (OSMOTIC_STRESS_T150_SE_REP1),COMPLETED,0,2026-07-22 02:21:07.455,2026-07-22 02:21:08.899,943ms,134.7%,10.2 MB,181.1 MB,2026-07-22 02:21:07.455,2026-07-22 02:21:08.899,8467.455,8468.899,MERGED_LIBRARY_ATAQV_ATAQV,69.44
154,NFCORE_ATACSEQ:ATACSEQ:MERGED_LIBRARY_CALL_ANNOTATE_PEAKS:FRIP_SCORE (OSMOTIC_STRESS_T150_SE_REP1),COMPLETED,0,2026-07-22 02:21:08.999,2026-07-22 02:21:09.995,0ms,119.4%,18.6 MB,18.6 MB,2026-07-22 02:21:08.999,2026-07-22 02:21:09.995,8468.999,8469.995,FRIP_SCORE,38.84
155,NFCORE_ATACSEQ:ATACSEQ:MERGED_LIBRARY_CALL_ANNOTATE_PEAKS:HOMER_ANNOTATEPEAKS (OSMOTIC_STRESS_T150_SE_REP1),COMPLETED,0,2026-07-22 02:21:10.095,2026-07-22 02:21:15.443,4s,99.5%,406.7 MB,56 MB,2026-07-22 02:21:10.095,2026-07-22 02:21:15.443,8470.095,8475.443,HOMER_ANNOTATEPEAKS,168.17000000000002
156,NFCORE_ATACSEQ:ATACSEQ:MERGED_LIBRARY_BAM_TO_BIGWIG:BEDTOOLS_GENOMECOV (OSMOTIC_STRESS_T150_SE_REP1),COMPLETED,0,2026-07-22 02:21:15.544,2026-07-22 02:21:17.989,1s,99.9%,13.7 MB,10 MB,2026-07-22 02:21:15.544,2026-07-22 02:21:17.989,8475.544,8477.989,BEDTOOLS_GENOMECOV,91.05
157,NFCORE_ATACSEQ:ATACSEQ:MERGED_LIBRARY_FILTER_BAM:BAM_SORT_STATS_SAMTOOLS:SAMTOOLS_INDEX (OSMOTIC_STRESS_T0_PE_REP2),COMPLETED,0,2026-07-22 02:21:18.089,2026-07-22 02:21:18.673,0ms,105.1%,7.1 MB,4 MB,2026-07-22 02:21:18.089,2026-07-22 02:21:18.673,8478.089,8478.673,SAMTOOLS_INDEX,
158,NFCORE_ATACSEQ:ATACSEQ:MERGED_LIBRARY_PICARD_COLLECTMULTIPLEMETRICS (OSMOTIC_STRESS_T0_PE_REP2),COMPLETED,0,2026-07-22 02:21:18.773,2026-07-22 02:21:24.981,4s,420.6%,350.8 MB,68.1 MB,2026-07-22 02:21:18.773,2026-07-22 02:21:24.981,8478.773,8484.981,MERGED_LIBRARY_PICARD_COLLECTMULTIPLEMETRICS,272.95
159,NFCORE_ATACSEQ:ATACSEQ:MERGED_LIBRARY_BAM_TO_BIGWIG:UCSC_BEDGRAPHTOBIGWIG (OSMOTIC_STRESS_T100_SE_REP2),COMPLETED,0,2026-07-22 02:21:25.082,2026-07-22 02:21:25.754,0ms,81.1%,4.3 MB,4.4 MB,2026-07-22 02:21:25.082,2026-07-22 02:21:25.754,8485.082,8485.754,UCSC_BEDGRAPHTOBIGWIG,
160,NFCORE_ATACSEQ:ATACSEQ:MERGED_LIBRARY_CALL_ANNOTATE_PEAKS:MULTIQC_CUSTOM_PEAKS (OSMOTIC_STRESS_T100_SE_REP2),COMPLETED,0,2026-07-22 02:21:25.854,2026-07-22 02:21:26.510,18ms,66.7%,2.9 MB,238 KB,2026-07-22 02:21:25.854,2026-07-22 02:21:26.510,8485.854,8486.51,MULTIQC_CUSTOM_PEAKS,
161,NFCORE_ATACSEQ:ATACSEQ:MERGED_LIBRARY_FILTER_BAM:BAM_SORT_STATS_SAMTOOLS:SAMTOOLS_INDEX (OSMOTIC_STRESS_T0_PE_REP1),COMPLETED,0,2026-07-22 02:21:26.610,2026-07-22 02:21:27.178,0ms,116.8%,7.1 MB,4.6 MB,2026-07-22 02:21:26.610,2026-07-22 02:21:27.178,8486.61,8487.178,SAMTOOLS_INDEX,38.63
162,NFCORE_ATACSEQ:ATACSEQ:MERGED_LIBRARY_PICARD_COLLECTMULTIPLEMETRICS (OSMOTIC_STRESS_T0_PE_REP1),COMPLETED,0,2026-07-22 02:21:27.278,2026-07-22 02:21:33.208,4s,424.3%,379.2 MB,68.8 MB,2026-07-22 02:21:27.278,2026-07-22 02:21:33.208,8487.278,8493.208,MERGED_LIBRARY_PICARD_COLLECTMULTIPLEMETRICS,218.35000000000002
163,NFCORE_ATACSEQ:ATACSEQ:MERGED_LIBRARY_FILTER_BAM:BAM_SORT_STATS_SAMTOOLS:SAMTOOLS_INDEX (OSMOTIC_STRESS_T15_PE_REP1),COMPLETED,0,2026-07-22 02:21:33.308,2026-07-22 02:21:33.911,0ms,129.1%,6.9 MB,10.8 MB,2026-07-22 02:21:33.308,2026-07-22 02:21:33.911,8493.308,8493.911,SAMTOOLS_INDEX,31.29
166,NFCORE_ATACSEQ:ATACSEQ:PICARD_MERGESAMFILES_REPLICATE (OSMOTIC_STRESS_T0_PE),COMPLETED,0,2026-07-22 02:21:34.011,2026-07-22 02:21:38.897,3s,283.4%,288.5 MB,25.5 MB,2026-07-22 02:21:34.011,2026-07-22 02:21:38.897,8494.011,8498.897,PICARD_MERGESAMFILES_REPLICATE,163.11
164,NFCORE_ATACSEQ:ATACSEQ:MERGED_LIBRARY_PICARD_COLLECTMULTIPLEMETRICS (OSMOTIC_STRESS_T15_PE_REP1),COMPLETED,0,2026-07-22 02:21:38.997,2026-07-22 02:21:45.784,5s,372.7%,383.9 MB,74.9 MB,2026-07-22 02:21:38.997,2026-07-22 02:21:45.784,8498.997,8505.784,MERGED_LIBRARY_PICARD_COLLECTMULTIPLEMETRICS,218.57999999999998
165,NFCORE_ATACSEQ:ATACSEQ:PICARD_MERGESAMFILES_REPLICATE (OSMOTIC_STRESS_T100_SE),COMPLETED,0,2026-07-22 02:21:45.884,2026-07-22 02:21:50.705,3s,301.4%,173.9 MB,21.2 MB,2026-07-22 02:21:45.884,2026-07-22 02:21:50.705,8505.884,8510.705,PICARD_MERGESAMFILES_REPLICATE,194.15
167,NFCORE_ATACSEQ:ATACSEQ:MERGED_LIBRARY_CALL_ANNOTATE_PEAKS:MULTIQC_CUSTOM_PEAKS (OSMOTIC_STRESS_T100_SE_REP1),COMPLETED,0,2026-07-22 02:21:50.805,2026-07-22 02:21:51.646,18ms,106.7%,3 MB,285.3 KB,2026-07-22 02:21:50.805,2026-07-22 02:21:51.646,8510.805,8511.646,MULTIQC_CUSTOM_PEAKS,34.57
168,NFCORE_ATACSEQ:ATACSEQ:MERGED_LIBRARY_BAM_TO_BIGWIG:UCSC_BEDGRAPHTOBIGWIG (OSMOTIC_STRESS_T100_SE_REP1),COMPLETED,0,2026-07-22 02:21:51.746,2026-07-22 02:21:52.595,0ms,91.0%,10.2 MB,5.6 MB,2026-07-22 02:21:51.746,2026-07-22 02:21:52.595,8511.746,8512.595,UCSC_BEDGRAPHTOBIGWIG,34.93
169,NFCORE_ATACSEQ:ATACSEQ:MERGED_LIBRARY_CALL_ANNOTATE_PEAKS:MULTIQC_CUSTOM_PEAKS (OSMOTIC_STRESS_T150_SE_REP1),COMPLETED,0,2026-07-22 02:21:52.696,2026-07-22 02:21:53.424,19ms,118.5%,2.9 MB,387.1 KB,2026-07-22 02:21:52.696,2026-07-22 02:21:53.424,8512.696,8513.424,MULTIQC_CUSTOM_PEAKS,36.52
170,NFCORE_ATACSEQ:ATACSEQ:MERGED_LIBRARY_BAM_TO_BIGWIG:UCSC_BEDGRAPHTOBIGWIG (OSMOTIC_STRESS_T150_SE_REP1),COMPLETED,0,2026-07-22 02:21:53.524,2026-07-22 02:21:54.564,1s,92.7%,3.3 MB,14.2 MB,2026-07-22 02:21:53.524,2026-07-22 02:21:54.564,8513.524,8514.564,UCSC_BEDGRAPHTOBIGWIG,37.96
171,NFCORE_ATACSEQ:ATACSEQ:MERGED_LIBRARY_DEEPTOOLS_PLOTFINGERPRINT (OSMOTIC_STRESS_T0_PE_REP2),COMPLETED,0,2026-07-22 02:21:54.664,2026-07-22 02:22:03.917,7s,100.1%,1013.2 MB,39.5 MB,2026-07-22 02:21:54.664,2026-07-22 02:22:03.917,8514.664,8523.917,MERGED_LIBRARY_DEEPTOOLS_PLOTFINGERPRINT,267.97
172,NFCORE_ATACSEQ:ATACSEQ:MERGED_LIBRARY_CALL_ANNOTATE_PEAKS:MACS2_CALLPEAK (OSMOTIC_STRESS_T0_PE_REP2),COMPLETED,0,2026-07-22 02:22:04.017,2026-07-22 02:22:06.506,1s,176.9%,14.1 MB,11.3 MB,2026-07-22 02:22:04.017,2026-07-22 02:22:06.506,8524.017,8526.506,MACS2_CALLPEAK,63.870000000000005
174,NFCORE_ATACSEQ:ATACSEQ:MERGED_LIBRARY_BIGWIG_PLOT_DEEPTOOLS:DEEPTOOLS_COMPUTEMATRIX_SCALE_REGIONS (OSMOTIC_STRESS_T100_SE_REP2),COMPLETED,0,2026-07-22 02:22:06.606,2026-07-22 02:23:20.749,1m 11s,190.7%,206.6 MB,225 MB,2026-07-22 02:22:06.606,2026-07-22 02:23:20.749,8526.606,8600.749,DEEPTOOLS_COMPUTEMATRIX_SCALE_REGIONS,2371.8700000000003
173,NFCORE_ATACSEQ:ATACSEQ:MERGED_LIBRARY_BIGWIG_PLOT_DEEPTOOLS:DEEPTOOLS_COMPUTEMATRIX_REFERENCE_POINT (OSMOTIC_STRESS_T100_SE_REP2),COMPLETED,0,2026-07-22 02:23:20.849,2026-07-22 02:24:22.059,59s,188.7%,190.5 MB,219.1 MB,2026-07-22 02:23:20.849,2026-07-22 02:24:22.059,8600.849,8662.059,DEEPTOOLS_COMPUTEMATRIX_REFERENCE_POINT,1918.5900000000001
176,NFCORE_ATACSEQ:ATACSEQ:MERGED_LIBRARY_CALL_ANNOTATE_PEAKS:MACS2_CALLPEAK (OSMOTIC_STRESS_T0_PE_REP1),COMPLETED,0,2026-07-22 02:24:22.159,2026-07-22 02:24:23.891,0ms,259.8%,14.2 MB,12.8 MB,2026-07-22 02:24:22.159,2026-07-22 02:24:23.891,8662.159,8663.891,MACS2_CALLPEAK,59.650000000000006
175,NFCORE_ATACSEQ:ATACSEQ:MERGED_LIBRARY_DEEPTOOLS_PLOTFINGERPRINT (OSMOTIC_STRESS_T0_PE_REP1),COMPLETED,0,2026-07-22 02:24:23.991,2026-07-22 02:24:32.220,6s,100.4%,1013.7 MB,41.5 MB,2026-07-22 02:24:23.991,2026-07-22 02:24:32.220,8663.991,8672.22,MERGED_LIBRARY_DEEPTOOLS_PLOTFINGERPRINT,192.55
183,NFCORE_ATACSEQ:ATACSEQ:MERGED_LIBRARY_FILTER_BAM:BAM_SORT_STATS_SAMTOOLS:BAM_STATS_SAMTOOLS:SAMTOOLS_IDXSTATS (OSMOTIC_STRESS_T0_PE_REP1),COMPLETED,0,2026-07-22 02:24:32.321,2026-07-22 02:24:32.840,0ms,91.4%,3.2 MB,120 KB,2026-07-22 02:24:32.321,2026-07-22 02:24:32.840,8672.321,8672.84,SAMTOOLS_IDXSTATS,27.08
186,NFCORE_ATACSEQ:ATACSEQ:MERGED_LIBRARY_FILTER_BAM:BAM_SORT_STATS_SAMTOOLS:BAM_STATS_SAMTOOLS:SAMTOOLS_IDXSTATS (OSMOTIC_STRESS_T15_PE_REP1),COMPLETED,0,2026-07-22 02:24:32.941,2026-07-22 02:24:33.550,0ms,96.0%,3.2 MB,120.1 KB,2026-07-22 02:24:32.941,2026-07-22 02:24:33.550,8672.941,8673.55,SAMTOOLS_IDXSTATS,
177,NFCORE_ATACSEQ:ATACSEQ:MERGED_LIBRARY_DEEPTOOLS_PLOTFINGERPRINT (OSMOTIC_STRESS_T15_PE_REP1),COMPLETED,0,2026-07-22 02:24:33.650,2026-07-22 02:24:41.667,7s,100.7%,1013.8 MB,41.1 MB,2026-07-22 02:24:33.650,2026-07-22 02:24:41.667,8673.65,8681.667,MERGED_LIBRARY_DEEPTOOLS_PLOTFINGERPRINT,192.6
178,NFCORE_ATACSEQ:ATACSEQ:MERGED_LIBRARY_CALL_ANNOTATE_PEAKS:MACS2_CALLPEAK (OSMOTIC_STRESS_T15_PE_REP1),COMPLETED,0,2026-07-22 02:24:41.767,2026-07-22 02:24:44.049,1s,136.5%,52.4 MB,23.5 MB,2026-07-22 02:24:41.767,2026-07-22 02:24:44.049,8681.767,8684.049,MACS2_CALLPEAK,66.13
180,NFCORE_ATACSEQ:ATACSEQ:MERGED_LIBRARY_FILTER_BAM:BAM_SORT_STATS_SAMTOOLS:BAM_STATS_SAMTOOLS:SAMTOOLS_FLAGSTAT (OSMOTIC_STRESS_T0_PE_REP2),COMPLETED,0,2026-07-22 02:24:44.148,2026-07-22 02:24:44.701,0ms,125.2%,7.1 MB,4 MB,2026-07-22 02:24:44.148,2026-07-22 02:24:44.701,8684.148,8684.701,SAMTOOLS_FLAGSTAT,34.04
185,NFCORE_ATACSEQ:ATACSEQ:MERGED_LIBRARY_FILTER_BAM:BAM_SORT_STATS_SAMTOOLS:BAM_STATS_SAMTOOLS:SAMTOOLS_FLAGSTAT (OSMOTIC_STRESS_T15_PE_REP1),COMPLETED,0,2026-07-22 02:24:44.801,2026-07-22 02:24:45.554,0ms,125.9%,7.1 MB,10.8 MB,2026-07-22 02:24:44.801,2026-07-22 02:24:45.554,8684.801,8685.554,SAMTOOLS_FLAGSTAT,
179,NFCORE_ATACSEQ:ATACSEQ:MERGED_LIBRARY_FILTER_BAM:BAM_SORT_STATS_SAMTOOLS:BAM_STATS_SAMTOOLS:SAMTOOLS_IDXSTATS (OSMOTIC_STRESS_T0_PE_REP2),COMPLETED,0,2026-07-22 02:24:45.654,2026-07-22 02:24:46.203,0ms,80.0%,3.2 MB,121.5 KB,2026-07-22 02:24:45.654,2026-07-22 02:24:46.203,8685.654,8686.203,SAMTOOLS_IDXSTATS,34.95
182,NFCORE_ATACSEQ:ATACSEQ:MERGED_LIBRARY_FILTER_BAM:BAM_SORT_STATS_SAMTOOLS:BAM_STATS_SAMTOOLS:SAMTOOLS_FLAGSTAT (OSMOTIC_STRESS_T0_PE_REP1),COMPLETED,0,2026-07-22 02:24:46.303,2026-07-22 02:24:46.870,0ms,117.1%,6.9 MB,4.6 MB,2026-07-22 02:24:46.303,2026-07-22 02:24:46.870,8686.303,8686.87,SAMTOOLS_FLAGSTAT,34.83
187,NFCORE_ATACSEQ:ATACSEQ:MERGED_LIBRARY_FILTER_BAM:BAM_SORT_STATS_SAMTOOLS:BAM_STATS_SAMTOOLS:SAMTOOLS_STATS (OSMOTIC_STRESS_T15_PE_REP1),COMPLETED,0,2026-07-22 02:24:46.970,2026-07-22 02:24:47.799,0ms,128.6%,7.8 MB,10.8 MB,2026-07-22 02:24:46.970,2026-07-22 02:24:47.799,8686.97,8687.799,SAMTOOLS_STATS,33.26
184,NFCORE_ATACSEQ:ATACSEQ:MERGED_LIBRARY_FILTER_BAM:BAM_SORT_STATS_SAMTOOLS:BAM_STATS_SAMTOOLS:SAMTOOLS_STATS (OSMOTIC_STRESS_T0_PE_REP1),COMPLETED,0,2026-07-22 02:24:47.899,2026-07-22 02:24:48.563,0ms,124.4%,7.6 MB,4.6 MB,2026-07-22 02:24:47.899,2026-07-22 02:24:48.563,8687.899,8688.563,SAMTOOLS_STATS,
181,NFCORE_ATACSEQ:ATACSEQ:MERGED_LIBRARY_FILTER_BAM:BAM_SORT_STATS_SAMTOOLS:BAM_STATS_SAMTOOLS:SAMTOOLS_STATS (OSMOTIC_STRESS_T0_PE_REP2),COMPLETED,0,2026-07-22 02:24:48.663,2026-07-22 02:24:49.325,1s,114.7%,7.7 MB,4 MB,2026-07-22 02:24:48.663,2026-07-22 02:24:49.325,8688.663,8689.325,SAMTOOLS_STATS,33.5
188,NFCORE_ATACSEQ:ATACSEQ:MERGED_REPLICATE_MARKDUPLICATES_PICARD:PICARD_MARKDUPLICATES (OSMOTIC_STRESS_T0_PE),COMPLETED,0,2026-07-22 02:24:49.425,2026-07-22 02:24:58.647,8s,211.7%,2.1 GB,34.2 MB,2026-07-22 02:24:49.425,2026-07-22 02:24:58.647,8689.425,8698.647,PICARD_MARKDUPLICATES,265.97
189,NFCORE_ATACSEQ:ATACSEQ:MERGED_REPLICATE_MARKDUPLICATES_PICARD:PICARD_MARKDUPLICATES (OSMOTIC_STRESS_T100_SE),COMPLETED,0,2026-07-22 02:24:58.747,2026-07-22 02:25:06.539,6s,210.5%,1.8 GB,25.6 MB,2026-07-22 02:24:58.747,2026-07-22 02:25:06.539,8698.747,8706.539,PICARD_MARKDUPLICATES,239.33999999999997
190,NFCORE_ATACSEQ:ATACSEQ:MERGED_LIBRARY_BIGWIG_PLOT_DEEPTOOLS:DEEPTOOLS_COMPUTEMATRIX_REFERENCE_POINT (OSMOTIC_STRESS_T100_SE_REP1),COMPLETED,0,2026-07-22 02:25:06.639,2026-07-22 02:26:06.466,59s,191.0%,194.9 MB,217.9 MB,2026-07-22 02:25:06.639,2026-07-22 02:26:06.466,8706.639,8766.466,DEEPTOOLS_COMPUTEMATRIX_REFERENCE_POINT,1837.2600000000002
191,NFCORE_ATACSEQ:ATACSEQ:MERGED_LIBRARY_BIGWIG_PLOT_DEEPTOOLS:DEEPTOOLS_COMPUTEMATRIX_SCALE_REGIONS (OSMOTIC_STRESS_T100_SE_REP1),COMPLETED,0,2026-07-22 02:26:06.566,2026-07-22 02:27:16.802,1m 9s,187.2%,206.1 MB,223.9 MB,2026-07-22 02:26:06.566,2026-07-22 02:27:16.802,8766.566,8836.802,DEEPTOOLS_COMPUTEMATRIX_SCALE_REGIONS,2340.09
193,NFCORE_ATACSEQ:ATACSEQ:MERGED_LIBRARY_BIGWIG_PLOT_DEEPTOOLS:DEEPTOOLS_COMPUTEMATRIX_REFERENCE_POINT (OSMOTIC_STRESS_T150_SE_REP1),COMPLETED,0,2026-07-22 02:27:16.902,2026-07-22 02:28:18.815,1m,183.4%,193.9 MB,219.1 MB,2026-07-22 02:27:16.902,2026-07-22 02:28:18.815,8836.902,8898.815,DEEPTOOLS_COMPUTEMATRIX_REFERENCE_POINT,2095.98
192,NFCORE_ATACSEQ:ATACSEQ:MERGED_LIBRARY_BIGWIG_PLOT_DEEPTOOLS:DEEPTOOLS_COMPUTEMATRIX_SCALE_REGIONS (OSMOTIC_STRESS_T150_SE_REP1),COMPLETED,0,2026-07-22 02:28:18.915,2026-07-22 02:29:28.700,1m 8s,188.4%,206 MB,225.5 MB,2026-07-22 02:28:18.915,2026-07-22 02:29:28.700,8898.915,8968.7,DEEPTOOLS_COMPUTEMATRIX_SCALE_REGIONS,2129.7000000000003
195,NFCORE_ATACSEQ:ATACSEQ:MERGED_LIBRARY_ATAQV_ATAQV (OSMOTIC_STRESS_T0_PE_REP2),COMPLETED,0,2026-07-22 02:29:28.799,2026-07-22 02:29:31.019,1.7s,142.9%,12.3 MB,216.9 MB,2026-07-22 02:29:28.799,2026-07-22 02:29:31.019,8968.799,8971.019,MERGED_LIBRARY_ATAQV_ATAQV,73.19
196,NFCORE_ATACSEQ:ATACSEQ:MERGED_LIBRARY_CALL_ANNOTATE_PEAKS:FRIP_SCORE (OSMOTIC_STRESS_T0_PE_REP2),COMPLETED,0,2026-07-22 02:29:31.119,2026-07-22 02:29:31.939,0ms,117.4%,17.9 MB,13.6 MB,2026-07-22 02:29:31.119,2026-07-22 02:29:31.939,8971.119,8971.939,FRIP_SCORE,32.22
194,NFCORE_ATACSEQ:ATACSEQ:MERGED_LIBRARY_CALL_ANNOTATE_PEAKS:HOMER_ANNOTATEPEAKS (OSMOTIC_STRESS_T0_PE_REP2),COMPLETED,0,2026-07-22 02:29:32.039,2026-07-22 02:29:37.310,4s,99.5%,404.6 MB,55.3 MB,2026-07-22 02:29:32.039,2026-07-22 02:29:37.310,8972.039,8977.31,HOMER_ANNOTATEPEAKS,116.25000000000001
197,NFCORE_ATACSEQ:ATACSEQ:MERGED_LIBRARY_BIGWIG_PLOT_DEEPTOOLS:DEEPTOOLS_PLOTPROFILE (OSMOTIC_STRESS_T100_SE_REP2),COMPLETED,0,2026-07-22 02:29:37.409,2026-07-22 02:29:40.772,2s,100.1%,104.5 MB,21.9 MB,2026-07-22 02:29:37.409,2026-07-22 02:29:40.772,8977.409,8980.772,DEEPTOOLS_PLOTPROFILE,73.52
198,NFCORE_ATACSEQ:ATACSEQ:MERGED_LIBRARY_BIGWIG_PLOT_DEEPTOOLS:DEEPTOOLS_PLOTHEATMAP (OSMOTIC_STRESS_T100_SE_REP2),COMPLETED,0,2026-07-22 02:29:40.872,2026-07-22 02:29:48.535,6s,99.8%,243.6 MB,25.1 MB,2026-07-22 02:29:40.872,2026-07-22 02:29:48.535,8980.872,8988.535,DEEPTOOLS_PLOTHEATMAP,193.84
200,NFCORE_ATACSEQ:ATACSEQ:MERGED_LIBRARY_ATAQV_ATAQV (OSMOTIC_STRESS_T0_PE_REP1),COMPLETED,0,2026-07-22 02:29:48.635,2026-07-22 02:29:50.984,1.8s,141.5%,12.3 MB,225 MB,2026-07-22 02:29:48.635,2026-07-22 02:29:50.984,8988.635,8990.984,MERGED_LIBRARY_ATAQV_ATAQV,78.87
201,NFCORE_ATACSEQ:ATACSEQ:MERGED_LIBRARY_CALL_ANNOTATE_PEAKS:FRIP_SCORE (OSMOTIC_STRESS_T0_PE_REP1),COMPLETED,0,2026-07-22 02:29:51.084,2026-07-22 02:29:51.961,0ms,117.5%,18.1 MB,16.2 MB,2026-07-22 02:29:51.084,2026-07-22 02:29:51.961,8991.084,8991.961,FRIP_SCORE,
199,NFCORE_ATACSEQ:ATACSEQ:MERGED_LIBRARY_CALL_ANNOTATE_PEAKS:HOMER_ANNOTATEPEAKS (OSMOTIC_STRESS_T0_PE_REP1),COMPLETED,0,2026-07-22 02:29:52.061,2026-07-22 02:29:57.312,4s,99.7%,420 MB,55.5 MB,2026-07-22 02:29:52.061,2026-07-22 02:29:57.312,8992.061,8997.312,HOMER_ANNOTATEPEAKS,115.63
204,NFCORE_ATACSEQ:ATACSEQ:MERGED_LIBRARY_CALL_ANNOTATE_PEAKS:FRIP_SCORE (OSMOTIC_STRESS_T15_PE_REP1),COMPLETED,0,2026-07-22 02:29:57.412,2026-07-22 02:29:58.754,1s,121.2%,18.3 MB,38.4 MB,2026-07-22 02:29:57.412,2026-07-22 02:29:58.754,8997.412,8998.754,FRIP_SCORE,33.23
203,NFCORE_ATACSEQ:ATACSEQ:MERGED_LIBRARY_ATAQV_ATAQV (OSMOTIC_STRESS_T15_PE_REP1),COMPLETED,0,2026-07-22 02:29:58.854,2026-07-22 02:30:02.653,3.2s,156.2%,13.9 MB,364.9 MB,2026-07-22 02:29:58.854,2026-07-22 02:30:02.653,8998.854,9002.653,MERGED_LIBRARY_ATAQV_ATAQV,121.30999999999999
205,NFCORE_ATACSEQ:ATACSEQ:MERGED_LIBRARY_CALL_ANNOTATE_PEAKS:PLOT_MACS2_QC,COMPLETED,0,2026-07-22 02:30:02.753,2026-07-22 02:30:06.720,2s,371.8%,132.4 MB,14.5 MB,2026-07-22 02:30:02.753,2026-07-22 02:30:06.720,9002.753,9006.72,PLOT_MACS2_QC,109.99000000000001
206,NFCORE_ATACSEQ:ATACSEQ:MERGED_LIBRARY_CONSENSUS_PEAKS:MACS2_CONSENSUS (consensus_peaks),COMPLETED,0,2026-07-22 02:30:06.820,2026-07-22 02:30:08.940,1s,258.2%,82.5 MB,14 MB,2026-07-22 02:30:06.820,2026-07-22 02:30:08.940,9006.82,9008.94,MACS2_CONSENSUS,50.160000000000004
202,NFCORE_ATACSEQ:ATACSEQ:MERGED_LIBRARY_CALL_ANNOTATE_PEAKS:HOMER_ANNOTATEPEAKS (OSMOTIC_STRESS_T15_PE_REP1),COMPLETED,0,2026-07-22 02:30:09.040,2026-07-22 02:30:14.290,4s,99.4%,421.4 MB,55.9 MB,2026-07-22 02:30:09.040,2026-07-22 02:30:14.290,9009.04,9014.29,HOMER_ANNOTATEPEAKS,163.72
207,NFCORE_ATACSEQ:ATACSEQ:MERGED_LIBRARY_BAM_TO_BIGWIG:BEDTOOLS_GENOMECOV (OSMOTIC_STRESS_T0_PE_REP2),COMPLETED,0,2026-07-22 02:30:14.391,2026-07-22 02:30:16.226,1s,100.3%,13.7 MB,5.4 MB,2026-07-22 02:30:14.391,2026-07-22 02:30:16.226,9014.391,9016.226,BEDTOOLS_GENOMECOV,54.03
208,NFCORE_ATACSEQ:ATACSEQ:MERGED_LIBRARY_BAM_TO_BIGWIG:BEDTOOLS_GENOMECOV (OSMOTIC_STRESS_T15_PE_REP1),COMPLETED,0,2026-07-22 02:30:16.326,2026-07-22 02:30:18.765,1s,99.1%,13.5 MB,15.2 MB,2026-07-22 02:30:16.326,2026-07-22 02:30:18.765,9016.326,9018.765,BEDTOOLS_GENOMECOV,47.230000000000004
209,NFCORE_ATACSEQ:ATACSEQ:MERGED_LIBRARY_BAM_TO_BIGWIG:BEDTOOLS_GENOMECOV (OSMOTIC_STRESS_T0_PE_REP1),COMPLETED,0,2026-07-22 02:30:18.865,2026-07-22 02:30:20.796,0ms,97.7%,13.5 MB,6.4 MB,2026-07-22 02:30:18.865,2026-07-22 02:30:20.796,9018.865,9020.796,BEDTOOLS_GENOMECOV,50.41
210,NFCORE_ATACSEQ:ATACSEQ:MERGED_REPLICATE_MARKDUPLICATES_PICARD:SAMTOOLS_INDEX (OSMOTIC_STRESS_T0_PE),COMPLETED,0,2026-07-22 02:30:20.896,2026-07-22 02:30:21.464,0ms,120.8%,7.1 MB,8.5 MB,2026-07-22 02:30:20.896,2026-07-22 02:30:21.464,9020.896,9021.464,SAMTOOLS_INDEX,20.06
211,NFCORE_ATACSEQ:ATACSEQ:MERGED_REPLICATE_CALL_ANNOTATE_PEAKS:MACS2_CALLPEAK (OSMOTIC_STRESS_T0_PE),COMPLETED,0,2026-07-22 02:30:21.564,2026-07-22 02:30:23.578,1s,151.1%,10.6 MB,19.6 MB,2026-07-22 02:30:21.564,2026-07-22 02:30:23.578,9021.564,9023.578,MACS2_CALLPEAK,61.56
212,NFCORE_ATACSEQ:ATACSEQ:MERGED_REPLICATE_MARKDUPLICATES_PICARD:SAMTOOLS_INDEX (OSMOTIC_STRESS_T100_SE),COMPLETED,0,2026-07-22 02:30:23.678,2026-07-22 02:30:24.322,0ms,107.6%,7.1 MB,4.2 MB,2026-07-22 02:30:23.678,2026-07-22 02:30:24.322,9023.678,9024.322,SAMTOOLS_INDEX,28.46
213,NFCORE_ATACSEQ:ATACSEQ:MERGED_REPLICATE_CALL_ANNOTATE_PEAKS:MACS2_CALLPEAK (OSMOTIC_STRESS_T100_SE),COMPLETED,0,2026-07-22 02:30:24.422,2026-07-22 02:30:26.295,1s,192.6%,13.6 MB,13.7 MB,2026-07-22 02:30:24.422,2026-07-22 02:30:26.295,9024.422,9026.295,MACS2_CALLPEAK,58.22
214,NFCORE_ATACSEQ:ATACSEQ:MERGED_LIBRARY_BIGWIG_PLOT_DEEPTOOLS:DEEPTOOLS_PLOTHEATMAP (OSMOTIC_STRESS_T100_SE_REP1),COMPLETED,0,2026-07-22 02:30:26.395,2026-07-22 02:30:33.946,6s,99.8%,243.5 MB,25.4 MB,2026-07-22 02:30:26.395,2026-07-22 02:30:33.946,9026.395,9033.946,DEEPTOOLS_PLOTHEATMAP,159.82999999999998
215,NFCORE_ATACSEQ:ATACSEQ:MERGED_LIBRARY_BIGWIG_PLOT_DEEPTOOLS:DEEPTOOLS_PLOTPROFILE (OSMOTIC_STRESS_T100_SE_REP1),COMPLETED,0,2026-07-22 02:30:34.046,2026-07-22 02:30:37.342,2s,100.2%,103.7 MB,22.2 MB,2026-07-22 02:30:34.046,2026-07-22 02:30:37.342,9034.046,9037.342,DEEPTOOLS_PLOTPROFILE,76.63
216,NFCORE_ATACSEQ:ATACSEQ:MERGED_LIBRARY_BIGWIG_PLOT_DEEPTOOLS:DEEPTOOLS_PLOTHEATMAP (OSMOTIC_STRESS_T150_SE_REP1),COMPLETED,0,2026-07-22 02:30:37.443,2026-07-22 02:30:45.491,7s,99.7%,170.6 MB,26.2 MB,2026-07-22 02:30:37.443,2026-07-22 02:30:45.491,9037.443,9045.491,DEEPTOOLS_PLOTHEATMAP,182.99
217,NFCORE_ATACSEQ:ATACSEQ:MERGED_LIBRARY_BIGWIG_PLOT_DEEPTOOLS:DEEPTOOLS_PLOTPROFILE (OSMOTIC_STRESS_T150_SE_REP1),COMPLETED,0,2026-07-22 02:30:45.592,2026-07-22 02:30:48.908,2s,100.6%,103.4 MB,23.4 MB,2026-07-22 02:30:45.592,2026-07-22 02:30:48.908,9045.592,9048.908,DEEPTOOLS_PLOTPROFILE,69.28
218,NFCORE_ATACSEQ:ATACSEQ:MERGED_LIBRARY_CALL_ANNOTATE_PEAKS:MULTIQC_CUSTOM_PEAKS (OSMOTIC_STRESS_T0_PE_REP2),COMPLETED,0,2026-07-22 02:30:49.008,2026-07-22 02:30:49.578,18ms,112.3%,0,220.7 KB,2026-07-22 02:30:49.008,2026-07-22 02:30:49.578,9049.008,9049.578,MULTIQC_CUSTOM_PEAKS,23.91
219,NFCORE_ATACSEQ:ATACSEQ:MERGED_LIBRARY_CALL_ANNOTATE_PEAKS:MULTIQC_CUSTOM_PEAKS (OSMOTIC_STRESS_T0_PE_REP1),COMPLETED,0,2026-07-22 02:30:49.678,2026-07-22 02:30:50.229,16ms,72.7%,3 MB,265.3 KB,2026-07-22 02:30:49.678,2026-07-22 02:30:50.229,9049.678,9050.229,MULTIQC_CUSTOM_PEAKS,
220,NFCORE_ATACSEQ:ATACSEQ:MERGED_LIBRARY_CALL_ANNOTATE_PEAKS:MULTIQC_CUSTOM_PEAKS (OSMOTIC_STRESS_T15_PE_REP1),COMPLETED,0,2026-07-22 02:30:50.329,2026-07-22 02:30:50.942,17ms,111.6%,2.9 MB,359.2 KB,2026-07-22 02:30:50.329,2026-07-22 02:30:50.942,9050.329,9050.942,MULTIQC_CUSTOM_PEAKS,
221,NFCORE_ATACSEQ:ATACSEQ:MERGED_LIBRARY_ATAQV_MKARV,COMPLETED,0,2026-07-22 02:30:51.042,2026-07-22 02:30:52.032,366ms,97.0%,9.7 MB,8.5 MB,2026-07-22 02:30:51.042,2026-07-22 02:30:52.032,9051.042,9052.032,MERGED_LIBRARY_ATAQV_MKARV,31.61
223,NFCORE_ATACSEQ:ATACSEQ:MERGED_LIBRARY_CONSENSUS_PEAKS:SUBREAD_FEATURECOUNTS (consensus_peaks),COMPLETED,0,2026-07-22 02:30:52.132,2026-07-22 02:30:54.420,1s,97.5%,11.1 MB,29.1 MB,2026-07-22 02:30:52.132,2026-07-22 02:30:54.420,9052.132,9054.42,SUBREAD_FEATURECOUNTS,70.27
222,NFCORE_ATACSEQ:ATACSEQ:MERGED_LIBRARY_CONSENSUS_PEAKS:HOMER_ANNOTATEPEAKS (consensus_peaks),COMPLETED,0,2026-07-22 02:30:54.521,2026-07-22 02:30:59.794,4s,99.7%,422.3 MB,55.6 MB,2026-07-22 02:30:54.521,2026-07-22 02:30:59.794,9054.521,9059.794,HOMER_ANNOTATEPEAKS,108.9
224,NFCORE_ATACSEQ:ATACSEQ:MERGED_LIBRARY_CALL_ANNOTATE_PEAKS:PLOT_HOMER_ANNOTATEPEAKS,COMPLETED,0,2026-07-22 02:30:59.894,2026-07-22 02:31:03.036,1s,260.1%,130.2 MB,14.9 MB,2026-07-22 02:30:59.894,2026-07-22 02:31:03.036,9059.894,9063.036,PLOT_HOMER_ANNOTATEPEAKS,70.82
225,NFCORE_ATACSEQ:ATACSEQ:MERGED_LIBRARY_BAM_TO_BIGWIG:UCSC_BEDGRAPHTOBIGWIG (OSMOTIC_STRESS_T0_PE_REP2),COMPLETED,0,2026-07-22 02:31:03.137,2026-07-22 02:31:03.724,0ms,94.1%,10 MB,4.4 MB,2026-07-22 02:31:03.137,2026-07-22 02:31:03.724,9063.137,9063.724,UCSC_BEDGRAPHTOBIGWIG,17.56
226,NFCORE_ATACSEQ:ATACSEQ:MERGED_LIBRARY_BAM_TO_BIGWIG:UCSC_BEDGRAPHTOBIGWIG (OSMOTIC_STRESS_T15_PE_REP1),COMPLETED,0,2026-07-22 02:31:03.824,2026-07-22 02:31:04.563,0ms,98.7%,10 MB,13.5 MB,2026-07-22 02:31:03.824,2026-07-22 02:31:04.563,9063.824,9064.563,UCSC_BEDGRAPHTOBIGWIG,33.84
227,NFCORE_ATACSEQ:ATACSEQ:MERGED_LIBRARY_BAM_TO_BIGWIG:UCSC_BEDGRAPHTOBIGWIG (OSMOTIC_STRESS_T0_PE_REP1),COMPLETED,0,2026-07-22 02:31:04.663,2026-07-22 02:31:05.269,1s,89.8%,10.1 MB,5.4 MB,2026-07-22 02:31:04.663,2026-07-22 02:31:05.269,9064.663,9065.269,UCSC_BEDGRAPHTOBIGWIG,
229,NFCORE_ATACSEQ:ATACSEQ:MERGED_REPLICATE_CALL_ANNOTATE_PEAKS:FRIP_SCORE (OSMOTIC_STRESS_T0_PE),COMPLETED,0,2026-07-22 02:31:05.370,2026-07-22 02:31:06.512,1s,119.4%,18.4 MB,29.7 MB,2026-07-22 02:31:05.370,2026-07-22 02:31:06.512,9065.37,9066.512,FRIP_SCORE,30.97
228,NFCORE_ATACSEQ:ATACSEQ:MERGED_REPLICATE_CALL_ANNOTATE_PEAKS:HOMER_ANNOTATEPEAKS (OSMOTIC_STRESS_T0_PE),COMPLETED,0,2026-07-22 02:31:06.612,2026-07-22 02:31:11.760,4s,99.5%,420.6 MB,55.6 MB,2026-07-22 02:31:06.612,2026-07-22 02:31:11.760,9066.612,9071.76,HOMER_ANNOTATEPEAKS,108.41
234,NFCORE_ATACSEQ:ATACSEQ:MERGED_REPLICATE_MARKDUPLICATES_PICARD:BAM_STATS_SAMTOOLS:SAMTOOLS_IDXSTATS (OSMOTIC_STRESS_T100_SE),COMPLETED,0,2026-07-22 02:31:11.860,2026-07-22 02:31:12.501,0ms,56.1%,3.2 MB,130.8 KB,2026-07-22 02:31:11.860,2026-07-22 02:31:12.501,9071.86,9072.501,SAMTOOLS_IDXSTATS,25.78
231,NFCORE_ATACSEQ:ATACSEQ:MERGED_REPLICATE_MARKDUPLICATES_PICARD:BAM_STATS_SAMTOOLS:SAMTOOLS_FLAGSTAT (OSMOTIC_STRESS_T0_PE),COMPLETED,0,2026-07-22 02:31:12.601,2026-07-22 02:31:13.200,0ms,126.6%,7.2 MB,8.5 MB,2026-07-22 02:31:12.601,2026-07-22 02:31:13.200,9072.601,9073.2,SAMTOOLS_FLAGSTAT,
230,NFCORE_ATACSEQ:ATACSEQ:MERGED_REPLICATE_MARKDUPLICATES_PICARD:BAM_STATS_SAMTOOLS:SAMTOOLS_IDXSTATS (OSMOTIC_STRESS_T0_PE),COMPLETED,0,2026-07-22 02:31:13.300,2026-07-22 02:31:13.962,0ms,81.4%,3.2 MB,127.8 KB,2026-07-22 02:31:13.300,2026-07-22 02:31:13.962,9073.3,9073.962,SAMTOOLS_IDXSTATS,34.14
233,NFCORE_ATACSEQ:ATACSEQ:MERGED_REPLICATE_MARKDUPLICATES_PICARD:BAM_STATS_SAMTOOLS:SAMTOOLS_FLAGSTAT (OSMOTIC_STRESS_T100_SE),COMPLETED,0,2026-07-22 02:31:14.062,2026-07-22 02:31:14.620,0ms,126.3%,7.1 MB,4.2 MB,2026-07-22 02:31:14.062,2026-07-22 02:31:14.620,9074.062,9074.62,SAMTOOLS_FLAGSTAT,40.02
232,NFCORE_ATACSEQ:ATACSEQ:MERGED_REPLICATE_MARKDUPLICATES_PICARD:BAM_STATS_SAMTOOLS:SAMTOOLS_STATS (OSMOTIC_STRESS_T0_PE),COMPLETED,0,2026-07-22 02:31:14.720,2026-07-22 02:31:15.478,1s,131.1%,7.7 MB,8.5 MB,2026-07-22 02:31:14.720,2026-07-22 02:31:15.478,9074.72,9075.478,SAMTOOLS_STATS,32.26
235,NFCORE_ATACSEQ:ATACSEQ:MERGED_REPLICATE_MARKDUPLICATES_PICARD:BAM_STATS_SAMTOOLS:SAMTOOLS_STATS (OSMOTIC_STRESS_T100_SE),COMPLETED,0,2026-07-22 02:31:15.578,2026-07-22 02:31:16.221,0ms,120.6%,7.4 MB,4.2 MB,2026-07-22 02:31:15.578,2026-07-22 02:31:16.221,9075.578,9076.221,SAMTOOLS_STATS,
237,NFCORE_ATACSEQ:ATACSEQ:MERGED_REPLICATE_CALL_ANNOTATE_PEAKS:FRIP_SCORE (OSMOTIC_STRESS_T100_SE),COMPLETED,0,2026-07-22 02:31:16.321,2026-07-22 02:31:17.091,0ms,117.1%,18.2 MB,14.3 MB,2026-07-22 02:31:16.321,2026-07-22 02:31:17.091,9076.321,9077.091,FRIP_SCORE,33.1
238,NFCORE_ATACSEQ:ATACSEQ:MERGED_REPLICATE_CALL_ANNOTATE_PEAKS:PLOT_MACS2_QC,COMPLETED,0,2026-07-22 02:31:17.192,2026-07-22 02:31:20.300,2s,178.9%,121 MB,13.8 MB,2026-07-22 02:31:17.192,2026-07-22 02:31:20.300,9077.192,9080.3,PLOT_MACS2_QC,82.72
239,NFCORE_ATACSEQ:ATACSEQ:MERGED_REPLICATE_CONSENSUS_PEAKS:MACS2_CONSENSUS (consensus_peaks),COMPLETED,0,2026-07-22 02:31:20.400,2026-07-22 02:31:21.951,1s,215.4%,3.3 MB,12.4 MB,2026-07-22 02:31:20.400,2026-07-22 02:31:21.951,9080.4,9081.951,MACS2_CONSENSUS,32.71
236,NFCORE_ATACSEQ:ATACSEQ:MERGED_REPLICATE_CALL_ANNOTATE_PEAKS:HOMER_ANNOTATEPEAKS (OSMOTIC_STRESS_T100_SE),COMPLETED,0,2026-07-22 02:31:22.052,2026-07-22 02:31:27.291,4s,99.4%,416.1 MB,55.7 MB,2026-07-22 02:31:22.052,2026-07-22 02:31:27.291,9082.052,9087.291,HOMER_ANNOTATEPEAKS,115.13000000000001
240,NFCORE_ATACSEQ:ATACSEQ:MERGED_LIBRARY_CONSENSUS_PEAKS:DESEQ2_QC (consensus_peaks),COMPLETED,0,2026-07-22 02:31:27.392,2026-07-22 02:31:43.127,14s,144.6%,690.7 MB,68.5 MB,2026-07-22 02:31:27.392,2026-07-22 02:31:43.127,9087.392,9103.127,DESEQ2_QC,352.15
242,NFCORE_ATACSEQ:ATACSEQ:MERGED_LIBRARY_BIGWIG_PLOT_DEEPTOOLS:DEEPTOOLS_COMPUTEMATRIX_SCALE_REGIONS (OSMOTIC_STRESS_T0_PE_REP2),COMPLETED,0,2026-07-22 02:31:43.229,2026-07-22 02:32:53.854,1m 9s,189.9%,197.6 MB,226 MB,2026-07-22 02:31:43.229,2026-07-22 02:32:53.854,9103.229,9173.854,DEEPTOOLS_COMPUTEMATRIX_SCALE_REGIONS,2083.01
241,NFCORE_ATACSEQ:ATACSEQ:MERGED_LIBRARY_BIGWIG_PLOT_DEEPTOOLS:DEEPTOOLS_COMPUTEMATRIX_REFERENCE_POINT (OSMOTIC_STRESS_T0_PE_REP2),COMPLETED,0,2026-07-22 02:32:53.955,2026-07-22 02:33:52.700,57s,188.4%,199.5 MB,220.1 MB,2026-07-22 02:32:53.955,2026-07-22 02:33:52.700,9173.955,9232.7,DEEPTOOLS_COMPUTEMATRIX_REFERENCE_POINT,1720.97
243,NFCORE_ATACSEQ:ATACSEQ:MERGED_LIBRARY_BIGWIG_PLOT_DEEPTOOLS:DEEPTOOLS_COMPUTEMATRIX_REFERENCE_POINT (OSMOTIC_STRESS_T15_PE_REP1),COMPLETED,0,2026-07-22 02:33:52.800,2026-07-22 02:34:54.160,59s,186.0%,189.9 MB,216.3 MB,2026-07-22 02:33:52.800,2026-07-22 02:34:54.160,9232.8,9294.16,DEEPTOOLS_COMPUTEMATRIX_REFERENCE_POINT,1871.6000000000001
244,NFCORE_ATACSEQ:ATACSEQ:MERGED_LIBRARY_BIGWIG_PLOT_DEEPTOOLS:DEEPTOOLS_COMPUTEMATRIX_SCALE_REGIONS (OSMOTIC_STRESS_T15_PE_REP1),COMPLETED,0,2026-07-22 02:34:54.260,2026-07-22 02:36:03.462,1m 8s,189.6%,212.6 MB,222.7 MB,2026-07-22 02:34:54.260,2026-07-22 02:36:03.462,9294.26,9363.462,DEEPTOOLS_COMPUTEMATRIX_SCALE_REGIONS,2037.58
246,NFCORE_ATACSEQ:ATACSEQ:MERGED_LIBRARY_BIGWIG_PLOT_DEEPTOOLS:DEEPTOOLS_COMPUTEMATRIX_REFERENCE_POINT (OSMOTIC_STRESS_T0_PE_REP1),COMPLETED,0,2026-07-22 02:36:03.562,2026-07-22 02:37:02.916,58s,185.1%,202 MB,220 MB,2026-07-22 02:36:03.562,2026-07-22 02:37:02.916,9363.562,9422.916,DEEPTOOLS_COMPUTEMATRIX_REFERENCE_POINT,1740.95
245,NFCORE_ATACSEQ:ATACSEQ:MERGED_LIBRARY_BIGWIG_PLOT_DEEPTOOLS:DEEPTOOLS_COMPUTEMATRIX_SCALE_REGIONS (OSMOTIC_STRESS_T0_PE_REP1),COMPLETED,0,2026-07-22 02:37:03.015,2026-07-22 02:38:12.308,1m 8s,189.6%,209.7 MB,225.9 MB,2026-07-22 02:37:03.015,2026-07-22 02:38:12.308,9423.015,9492.308,DEEPTOOLS_COMPUTEMATRIX_SCALE_REGIONS,2038.4500000000003
247,NFCORE_ATACSEQ:ATACSEQ:MERGED_REPLICATE_CALL_ANNOTATE_PEAKS:MULTIQC_CUSTOM_PEAKS (OSMOTIC_STRESS_T0_PE),COMPLETED,0,2026-07-22 02:38:12.409,2026-07-22 02:38:12.977,17ms,104.3%,2.9 MB,296.9 KB,2026-07-22 02:38:12.409,2026-07-22 02:38:12.977,9492.409,9492.977,MULTIQC_CUSTOM_PEAKS,
248,NFCORE_ATACSEQ:ATACSEQ:MERGED_REPLICATE_BAM_TO_BIGWIG:BEDTOOLS_GENOMECOV (OSMOTIC_STRESS_T0_PE),COMPLETED,0,2026-07-22 02:38:13.077,2026-07-22 02:38:15.358,1s,99.5%,13.6 MB,11.8 MB,2026-07-22 02:38:13.077,2026-07-22 02:38:15.358,9493.077,9495.358,BEDTOOLS_GENOMECOV,56.230000000000004
249,NFCORE_ATACSEQ:ATACSEQ:MERGED_REPLICATE_BAM_TO_BIGWIG:BEDTOOLS_GENOMECOV (OSMOTIC_STRESS_T100_SE),COMPLETED,0,2026-07-22 02:38:15.459,2026-07-22 02:38:17.529,1s,99.3%,13.6 MB,7.6 MB,2026-07-22 02:38:15.459,2026-07-22 02:38:17.529,9495.459,9497.529,BEDTOOLS_GENOMECOV,49.4
250,NFCORE_ATACSEQ:ATACSEQ:MERGED_REPLICATE_CALL_ANNOTATE_PEAKS:MULTIQC_CUSTOM_PEAKS (OSMOTIC_STRESS_T100_SE),COMPLETED,0,2026-07-22 02:38:17.630,2026-07-22 02:38:18.179,15ms,78.0%,2.9 MB,328 KB,2026-07-22 02:38:17.630,2026-07-22 02:38:18.179,9497.63,9498.179,MULTIQC_CUSTOM_PEAKS,23.45
252,NFCORE_ATACSEQ:ATACSEQ:MERGED_REPLICATE_CONSENSUS_PEAKS:SUBREAD_FEATURECOUNTS (consensus_peaks),COMPLETED,0,2026-07-22 02:38:18.279,2026-07-22 02:38:20.080,0ms,92.9%,12.9 MB,12.9 MB,2026-07-22 02:38:18.279,2026-07-22 02:38:20.080,9498.279,9500.08,SUBREAD_FEATURECOUNTS,46.36
251,NFCORE_ATACSEQ:ATACSEQ:MERGED_REPLICATE_CONSENSUS_PEAKS:HOMER_ANNOTATEPEAKS (consensus_peaks),COMPLETED,0,2026-07-22 02:38:20.180,2026-07-22 02:38:25.399,4s,99.1%,416.1 MB,55.4 MB,2026-07-22 02:38:20.180,2026-07-22 02:38:25.399,9500.18,9505.399,HOMER_ANNOTATEPEAKS,106.51
253,NFCORE_ATACSEQ:ATACSEQ:MERGED_REPLICATE_CALL_ANNOTATE_PEAKS:PLOT_HOMER_ANNOTATEPEAKS,COMPLETED,0,2026-07-22 02:38:25.499,2026-07-22 02:38:28.601,2s,178.1%,116.8 MB,14.1 MB,2026-07-22 02:38:25.499,2026-07-22 02:38:28.601,9505.499,9508.601,PLOT_HOMER_ANNOTATEPEAKS,70.98
254,NFCORE_ATACSEQ:ATACSEQ:MERGED_LIBRARY_BIGWIG_PLOT_DEEPTOOLS:DEEPTOOLS_PLOTPROFILE (OSMOTIC_STRESS_T0_PE_REP2),COMPLETED,0,2026-07-22 02:38:28.701,2026-07-22 02:38:31.948,2s,99.4%,106.4 MB,21.7 MB,2026-07-22 02:38:28.701,2026-07-22 02:38:31.948,9508.701,9511.948,DEEPTOOLS_PLOTPROFILE,66.99000000000001
255,NFCORE_ATACSEQ:ATACSEQ:MERGED_LIBRARY_BIGWIG_PLOT_DEEPTOOLS:DEEPTOOLS_PLOTHEATMAP (OSMOTIC_STRESS_T0_PE_REP2),COMPLETED,0,2026-07-22 02:38:32.048,2026-07-22 02:38:39.791,6s,99.4%,267.9 MB,25.3 MB,2026-07-22 02:38:32.048,2026-07-22 02:38:39.791,9512.048,9519.791,DEEPTOOLS_PLOTHEATMAP,184.41
256,NFCORE_ATACSEQ:ATACSEQ:MERGED_LIBRARY_BIGWIG_PLOT_DEEPTOOLS:DEEPTOOLS_PLOTHEATMAP (OSMOTIC_STRESS_T15_PE_REP1),COMPLETED,0,2026-07-22 02:38:39.891,2026-07-22 02:38:48.330,7s,100.0%,268.2 MB,26.2 MB,2026-07-22 02:38:39.891,2026-07-22 02:38:48.330,9519.891,9528.33,DEEPTOOLS_PLOTHEATMAP,226.01
257,NFCORE_ATACSEQ:ATACSEQ:MERGED_LIBRARY_BIGWIG_PLOT_DEEPTOOLS:DEEPTOOLS_PLOTPROFILE (OSMOTIC_STRESS_T15_PE_REP1),COMPLETED,0,2026-07-22 02:38:48.431,2026-07-22 02:38:52.144,2s,99.5%,105.3 MB,23.1 MB,2026-07-22 02:38:48.431,2026-07-22 02:38:52.144,9528.431,9532.144,DEEPTOOLS_PLOTPROFILE,68.17
258,NFCORE_ATACSEQ:ATACSEQ:MERGED_LIBRARY_BIGWIG_PLOT_DEEPTOOLS:DEEPTOOLS_PLOTHEATMAP (OSMOTIC_STRESS_T0_PE_REP1),COMPLETED,0,2026-07-22 02:38:52.245,2026-07-22 02:39:00.001,6s,99.7%,268.1 MB,25.2 MB,2026-07-22 02:38:52.245,2026-07-22 02:39:00.001,9532.245,9540.001,DEEPTOOLS_PLOTHEATMAP,155.37
259,NFCORE_ATACSEQ:ATACSEQ:MERGED_LIBRARY_BIGWIG_PLOT_DEEPTOOLS:DEEPTOOLS_PLOTPROFILE (OSMOTIC_STRESS_T0_PE_REP1),COMPLETED,0,2026-07-22 02:39:00.101,2026-07-22 02:39:03.486,2s,99.2%,109.6 MB,21.7 MB,2026-07-22 02:39:00.101,2026-07-22 02:39:03.486,9540.101,9543.486,DEEPTOOLS_PLOTPROFILE,89.2
260,NFCORE_ATACSEQ:ATACSEQ:MERGED_REPLICATE_BAM_TO_BIGWIG:UCSC_BEDGRAPHTOBIGWIG (OSMOTIC_STRESS_T0_PE),COMPLETED,0,2026-07-22 02:39:03.586,2026-07-22 02:39:04.355,1s,99.3%,10 MB,9.9 MB,2026-07-22 02:39:03.586,2026-07-22 02:39:04.355,9543.586,9544.355,UCSC_BEDGRAPHTOBIGWIG,28.84
261,NFCORE_ATACSEQ:ATACSEQ:MERGED_REPLICATE_BAM_TO_BIGWIG:UCSC_BEDGRAPHTOBIGWIG (OSMOTIC_STRESS_T100_SE),COMPLETED,0,2026-07-22 02:39:04.455,2026-07-22 02:39:05.258,1s,95.9%,10 MB,10.2 MB,2026-07-22 02:39:04.455,2026-07-22 02:39:05.258,9544.455,9545.258,UCSC_BEDGRAPHTOBIGWIG,32.28
262,NFCORE_ATACSEQ:ATACSEQ:MERGED_REPLICATE_CONSENSUS_PEAKS:DESEQ2_QC (consensus_peaks),COMPLETED,0,2026-07-22 02:39:05.358,2026-07-22 02:39:21.682,15s,110.8%,684.6 MB,68.5 MB,2026-07-22 02:39:05.358,2026-07-22 02:39:21.682,9545.358,9561.682,DESEQ2_QC,362.31
263,NFCORE_ATACSEQ:ATACSEQ:IGV,COMPLETED,0,2026-07-22 02:39:21.782,2026-07-22 02:39:24.071,0ms,91.3%,2.9 MB,758.2 KB,2026-07-22 02:39:21.782,2026-07-22 02:39:24.071,9561.782,9564.071,IGV,54.11
264,NFCORE_ATACSEQ:ATACSEQ:CUSTOM_DUMPSOFTWAREVERSIONS (1),COMPLETED,0,2026-07-22 02:39:24.472,2026-07-22 02:39:57.032,71ms,102.9%,8.7 MB,999.5 KB,2026-07-22 02:39:24.472,2026-07-22 02:39:57.032,9564.472,9597.032,CUSTOM_DUMPSOFTWAREVERSIONS,952.58
265,NFCORE_ATACSEQ:ATACSEQ:MULTIQC (1),COMPLETED,0,2026-07-22 02:39:57.232,2026-07-22 02:41:11.853,45.1s,241.7%,224 MB,4 GB,2026-07-22 02:39:57.232,2026-07-22 02:41:11.853,9597.232,9671.853,MULTIQC,2235.66
