task_id,hostname,native_id,process,tag,name,status,exit,module,container,cpus,time,disk,memory,attempt,submit,start,complete,duration,realtime,queue,%cpu,%mem,rss,vmem,peak_rss,peak_vmem,rchar,wchar,syscr,syscw,read_bytes,write_bytes,vol_ctxt,inv_ctxt,workdir,scratch,error_action,cpu_model,measured_energy_j,task_type,source_dataset,source_workflow,node
5,-,242594,NFCORE_CHIPSEQ:CHIPSEQ:INPUT_CHECK:SAMPLESHEET_CHECK,samplesheet_test.csv,NFCORE_CHIPSEQ:CHIPSEQ:INPUT_CHECK:SAMPLESHEET_CHECK (samplesheet_test.csv),COMPLETED,0,-,quay.io/biocontainers/python:3.8.3,1,14400000,-,6442450944,1,1787441863734,1787441863751,1787441867676,3942,0,-,72.0,0.0,10416128,33263616,10416128,33267712,681403,1910,244,17,8192,12288,1,0,/home/ahmed/pranay/work/e5/a48f836d768a0f818b51e1a68b4f83,-,-,12th Gen Intel(R) Core(TM) i5-12400,33.444860999999996,SAMPLESHEET_CHECK,intel_i5,rnaseq,intel_i5
4,-,242852,NFCORE_CHIPSEQ:CHIPSEQ:PREPARE_GENOME:CUSTOM_GETCHROMSIZES,genome.fa,NFCORE_CHIPSEQ:CHIPSEQ:PREPARE_GENOME:CUSTOM_GETCHROMSIZES (genome.fa),COMPLETED,0,-,quay.io/biocontainers/samtools:1.15.1--h1170115_0,2,14400000,-,6442450944,1,1787441865380,1787441865456,1787441868073,2693,0,-,72.0,0.0,6504448,12427264,6504448,12431360,12471985,5494,423,20,0,16384,1,0,/home/ahmed/pranay/work/c6/d982e6413c87880a0f7ded57b0a806,-,-,12th Gen Intel(R) Core(TM) i5-12400,9.604651,CUSTOM_GETCHROMSIZES,intel_i5,rnaseq,intel_i5
1,-,242823,NFCORE_CHIPSEQ:CHIPSEQ:KHMER_UNIQUEKMERS,genome.fa,NFCORE_CHIPSEQ:CHIPSEQ:KHMER_UNIQUEKMERS (genome.fa),COMPLETED,0,-,quay.io/biocontainers/khmer:3.0.0a3--py37haa7609a_2,2,14400000,-,6442450944,1,1787441865374,1787441865455,1787441868607,3233,1000,-,287.3,0.0,5713920,13352960,5713920,13361152,16911011,3437,2468,23,22147072,16384,16,0,/home/ahmed/pranay/work/a6/20453e907082c25029774301046e21,-,-,12th Gen Intel(R) Core(TM) i5-12400,35.694611,KHMER_UNIQUEKMERS,intel_i5,rnaseq,intel_i5
3,-,242920,NFCORE_CHIPSEQ:CHIPSEQ:PREPARE_GENOME:GTF2BED,genes.gtf,NFCORE_CHIPSEQ:CHIPSEQ:PREPARE_GENOME:GTF2BED (genes.gtf),COMPLETED,0,-,quay.io/biocontainers/perl:5.26.2,2,14400000,-,6442450944,1,1787441865797,1787441865856,1787441869156,3359,1000,-,73.4,0.0,4751360,27693056,4751360,27701248,12237805,401926,1649,66,2232320,409600,5,1,/home/ahmed/pranay/work/02/413c9fbe52ff9ddaa7a29dd402b123,-,-,12th Gen Intel(R) Core(TM) i5-12400,35.694611,GTF2BED,intel_i5,rnaseq,intel_i5
8,-,243569,NFCORE_CHIPSEQ:CHIPSEQ:PREPARE_GENOME:GENOME_BLACKLIST_REGIONS,genome.fa.sizes,NFCORE_CHIPSEQ:CHIPSEQ:PREPARE_GENOME:GENOME_BLACKLIST_REGIONS (genome.fa.sizes),COMPLETED,0,-,quay.io/biocontainers/bedtools:2.30.0--hc088bd4_0,1,14400000,-,6442450944,1,1787441868080,1787441868174,1787441869393,1313,0,-,66.7,0.0,2924544,11583488,2924544,11587584,44938,595,140,33,0,12288,2,0,/home/ahmed/pranay/work/ce/7f0bc438aee27902f43ce9a3fd45cd,-,-,12th Gen Intel(R) Core(TM) i5-12400,26.08996,GENOME_BLACKLIST_REGIONS,intel_i5,rnaseq,intel_i5
7,-,244050,NFCORE_CHIPSEQ:CHIPSEQ:FASTQC_TRIMGALORE:FASTQC,SPT5_INPUT_REP1_T1,NFCORE_CHIPSEQ:CHIPSEQ:FASTQC_TRIMGALORE:FASTQC (SPT5_INPUT_REP1_T1),COMPLETED,0,-,quay.io/biocontainers/fastqc:0.11.9--0,2,21600000,-,6442450944,1,1787441869749,1787441869794,1787441873640,3891,3000,-,213.7,0.9,320135168,3620626432,320135168,3675820032,29895514,3360343,25373,10677,2805760,3780608,20,3,/home/ahmed/pranay/work/6d/f9c91327346a79e4a5c15963f1e44e,-,-,12th Gen Intel(R) Core(TM) i5-12400,174.671672,FASTQC,intel_i5,rnaseq,intel_i5
2,-,242832,NFCORE_CHIPSEQ:CHIPSEQ:PREPARE_GENOME:BWA_INDEX,genome.fa,NFCORE_CHIPSEQ:CHIPSEQ:PREPARE_GENOME:BWA_INDEX (genome.fa),COMPLETED,0,-,quay.io/biocontainers/bwa:0.7.17--hed695b0_7,2,21600000,-,6442450944,1,1787441865377,1787441865456,1787441874528,9151,6000,-,73.0,0.4,133087232,151535616,133087232,151539712,49083627,33436117,1680,73,380928,33476608,61,753,/home/ahmed/pranay/work/a4/7c80171e52a0cb95d9f2be50c6ad3e,-,-,12th Gen Intel(R) Core(TM) i5-12400,279.31251799999995,BWA_INDEX,intel_i5,rnaseq,intel_i5
9,-,244471,NFCORE_CHIPSEQ:CHIPSEQ:FASTQC_TRIMGALORE:FASTQC,SPT5_INPUT_REP2_T1,NFCORE_CHIPSEQ:CHIPSEQ:FASTQC_TRIMGALORE:FASTQC (SPT5_INPUT_REP2_T1),COMPLETED,0,-,quay.io/biocontainers/fastqc:0.11.9--0,2,21600000,-,6442450944,1,1787441870417,1787441870495,1787441874645,4228,3000,-,192.2,0.9,292401152,3620630528,292401152,3675820032,29890148,3331550,25310,10641,0,3694592,4,5,/home/ahmed/pranay/work/49/4d286699477a16c8c4aa06779a01aa,-,-,12th Gen Intel(R) Core(TM) i5-12400,189.330631,FASTQC,intel_i5,rnaseq,intel_i5
12,-,246049,NFCORE_CHIPSEQ:CHIPSEQ:FASTQC_TRIMGALORE:FASTQC,SPT5_T0_REP1_T1,NFCORE_CHIPSEQ:CHIPSEQ:FASTQC_TRIMGALORE:FASTQC (SPT5_T0_REP1_T1),COMPLETED,0,-,quay.io/biocontainers/fastqc:0.11.9--0,2,21600000,-,6442450944,1,1787441873642,1787441873740,1787441880730,7088,4000,-,226.9,1.1,367874048,3620630528,371671040,3675820032,32389876,4194958,30227,12487,0,4718592,4,5,/home/ahmed/pranay/work/30/a234144dffa1c8affddd8c81895664,-,-,12th Gen Intel(R) Core(TM) i5-12400,324.350793,FASTQC,intel_i5,rnaseq,intel_i5
15,-,246702,NFCORE_CHIPSEQ:CHIPSEQ:FASTQC_TRIMGALORE:FASTQC,SPT5_T15_REP1_T1,NFCORE_CHIPSEQ:CHIPSEQ:FASTQC_TRIMGALORE:FASTQC (SPT5_T15_REP1_T1),COMPLETED,0,-,quay.io/biocontainers/fastqc:0.11.9--0,2,21600000,-,6442450944,1,1787441874647,1787441874746,1787441880828,6181,3000,-,267.0,1.0,350208000,3620626432,350838784,3677917184,32640466,4174032,30687,12492,0,4562944,4,18,/home/ahmed/pranay/work/cc/22a9c75fc085e52d3bbe3100952da2,-,-,12th Gen Intel(R) Core(TM) i5-12400,278.871539,FASTQC,intel_i5,rnaseq,intel_i5
6,-,244082,NFCORE_CHIPSEQ:CHIPSEQ:FASTQC_TRIMGALORE:TRIMGALORE,SPT5_INPUT_REP1_T1,NFCORE_CHIPSEQ:CHIPSEQ:FASTQC_TRIMGALORE:TRIMGALORE (SPT5_INPUT_REP1_T1),COMPLETED,0,-,quay.io/biocontainers/trim-galore:0.6.7--hdfd78af_0,2,21600000,-,6442450944,1,1787441869766,1787441869794,1787441880858,11092,10000,-,158.6,0.7,234278912,3280584704,234278912,3284692992,235502344,186240849,46121,33036,4149248,20480000,5193,246,/home/ahmed/pranay/work/8d/228c85eb9761e98d967e48bf12e90c,-,-,12th Gen Intel(R) Core(TM) i5-12400,499.0224649999999,TRIMGALORE,intel_i5,rnaseq,intel_i5
10,-,244479,NFCORE_CHIPSEQ:CHIPSEQ:FASTQC_TRIMGALORE:TRIMGALORE,SPT5_INPUT_REP2_T1,NFCORE_CHIPSEQ:CHIPSEQ:FASTQC_TRIMGALORE:TRIMGALORE (SPT5_INPUT_REP2_T1),COMPLETED,0,-,quay.io/biocontainers/trim-galore:0.6.7--hdfd78af_0,2,21600000,-,6442450944,1,1787441870419,1787441870496,1787441880932,10513,9000,-,157.7,0.7,239165440,3280584704,239165440,3335401472,235162956,186173628,45558,33065,0,20373504,5055,483,/home/ahmed/pranay/work/c9/4eca6cbd18de926d9a0c494b750200,-,-,12th Gen Intel(R) Core(TM) i5-12400,468.2021699999999,TRIMGALORE,intel_i5,rnaseq,intel_i5
11,-,246644,NFCORE_CHIPSEQ:CHIPSEQ:FASTQC_TRIMGALORE:TRIMGALORE,SPT5_T0_REP1_T1,NFCORE_CHIPSEQ:CHIPSEQ:FASTQC_TRIMGALORE:TRIMGALORE (SPT5_T0_REP1_T1),COMPLETED,0,-,quay.io/biocontainers/trim-galore:0.6.7--hdfd78af_0,2,21600000,-,6442450944,1,1787441874535,1787441874627,1787441885079,10544,10000,-,172.5,0.8,281571328,3280572416,281571328,3337486336,259900527,207831405,51895,37325,0,25010176,5343,498,/home/ahmed/pranay/work/73/9e847dda8b7d024734a8a1a0314be3,-,-,12th Gen Intel(R) Core(TM) i5-12400,491.649925,TRIMGALORE,intel_i5,rnaseq,intel_i5
18,-,249857,NFCORE_CHIPSEQ:CHIPSEQ:FASTQC_TRIMGALORE:FASTQC,SPT5_T15_REP2_T1,NFCORE_CHIPSEQ:CHIPSEQ:FASTQC_TRIMGALORE:FASTQC (SPT5_T15_REP2_T1),COMPLETED,0,-,quay.io/biocontainers/fastqc:0.11.9--0,2,21600000,-,6442450944,1,1787441880860,1787441880958,1787441885521,4661,3000,-,221.3,1.1,381353984,3620626432,381353984,3681447936,32589970,4203736,30667,12493,0,4571136,4,6,/home/ahmed/pranay/work/7a/603f7c8067ac01acbd33a74c3c9695,-,-,12th Gen Intel(R) Core(TM) i5-12400,248.708531,FASTQC,intel_i5,rnaseq,intel_i5
13,-,249953,NFCORE_CHIPSEQ:CHIPSEQ:FASTQC_TRIMGALORE:FASTQC,SPT5_T0_REP2_T1,NFCORE_CHIPSEQ:CHIPSEQ:FASTQC_TRIMGALORE:FASTQC (SPT5_T0_REP2_T1),COMPLETED,0,-,quay.io/biocontainers/fastqc:0.11.9--0,2,21600000,-,6442450944,1,1787441880934,1787441880959,1787441885590,4656,3000,-,190.7,1.1,384425984,3620630528,385527808,3681447936,32434509,4167507,30291,12501,0,4558848,4,4,/home/ahmed/pranay/work/5e/a85f8c9af4a07abd58370c19262d5f,-,-,12th Gen Intel(R) Core(TM) i5-12400,248.708531,FASTQC,intel_i5,rnaseq,intel_i5
19,-,252885,NFCORE_CHIPSEQ:CHIPSEQ:ALIGN_BWA_MEM:BWA_MEM,SPT5_INPUT_REP1_T1,NFCORE_CHIPSEQ:CHIPSEQ:ALIGN_BWA_MEM:BWA_MEM (SPT5_INPUT_REP1_T1),COMPLETED,0,-,quay.io/biocontainers/mulled-v2-fe8faa35dbf6dc65a0f7f5d4ea12e31a79f73e40:8110a70be2bfe7f75a2ea7f2a89cda4cc7732095-0,2,21600000,-,6442450944,1,1787441885523,1787441885593,1787441892530,7007,3000,-,188.0,0.5,173617152,613302272,177561600,619139072,85268866,67882438,8854,14404,0,12230656,860,25,/home/ahmed/pranay/work/0c/de405dd8ed3ae4e81546a01d20004a,-,-,12th Gen Intel(R) Core(TM) i5-12400,351.67598,BWA_MEM,intel_i5,rnaseq,intel_i5
20,-,252930,NFCORE_CHIPSEQ:CHIPSEQ:ALIGN_BWA_MEM:BWA_MEM,SPT5_INPUT_REP2_T1,NFCORE_CHIPSEQ:CHIPSEQ:ALIGN_BWA_MEM:BWA_MEM (SPT5_INPUT_REP2_T1),COMPLETED,0,-,quay.io/biocontainers/mulled-v2-fe8faa35dbf6dc65a0f7f5d4ea12e31a79f73e40:8110a70be2bfe7f75a2ea7f2a89cda4cc7732095-0,2,21600000,-,6442450944,1,1787441885592,1787441885691,1787441892541,6949,3000,-,188.5,0.4,143228928,381063168,143228928,448176128,85379725,68013161,9422,14438,0,12222464,864,7,/home/ahmed/pranay/work/2f/9de382454d29fc3de5306852ee7f54,-,-,12th Gen Intel(R) Core(TM) i5-12400,351.67598,BWA_MEM,intel_i5,rnaseq,intel_i5
17,-,249826,NFCORE_CHIPSEQ:CHIPSEQ:FASTQC_TRIMGALORE:TRIMGALORE,SPT5_T15_REP2_T1,NFCORE_CHIPSEQ:CHIPSEQ:FASTQC_TRIMGALORE:TRIMGALORE (SPT5_T15_REP2_T1),COMPLETED,0,-,quay.io/biocontainers/trim-galore:0.6.7--hdfd78af_0,2,21600000,-,6442450944,1,1787441880830,1787441880938,1787441892719,11889,11000,-,156.7,0.8,289480704,3280596992,289480704,3307806720,262545363,210352467,52802,37653,0,25505792,5694,596,/home/ahmed/pranay/work/0b/4e8c2a1f9dabdd3723ed8e02847d00,-,-,12th Gen Intel(R) Core(TM) i5-12400,600.3845110000001,TRIMGALORE,intel_i5,rnaseq,intel_i5
16,-,249760,NFCORE_CHIPSEQ:CHIPSEQ:FASTQC_TRIMGALORE:TRIMGALORE,SPT5_T15_REP1_T1,NFCORE_CHIPSEQ:CHIPSEQ:FASTQC_TRIMGALORE:TRIMGALORE (SPT5_T15_REP1_T1),COMPLETED,0,-,quay.io/biocontainers/trim-galore:0.6.7--hdfd78af_0,2,21600000,-,6442450944,1,1787441880733,1787441880831,1787441892817,12084,12000,-,154.3,0.8,288313344,3282776064,288313344,3307814912,266963538,214724537,53247,38192,0,25808896,5364,601,/home/ahmed/pranay/work/91/f7a5dfe88c1e6584861f450e4ae8ef,-,-,12th Gen Intel(R) Core(TM) i5-12400,600.3845110000001,TRIMGALORE,intel_i5,rnaseq,intel_i5
22,-,256784,NFCORE_CHIPSEQ:CHIPSEQ:ALIGN_BWA_MEM:BAM_SORT_SAMTOOLS:SAMTOOLS_SORT,SPT5_INPUT_REP1_T1,NFCORE_CHIPSEQ:CHIPSEQ:ALIGN_BWA_MEM:BAM_SORT_SAMTOOLS:SAMTOOLS_SORT (SPT5_INPUT_REP1_T1),COMPLETED,0,-,quay.io/biocontainers/samtools:1.15.1--h1170115_0,2,21600000,-,6442450944,1,1787441892544,1787441892641,1787441894440,1896,2000,-,40.7,0.2,76533760,2086207488,78921728,2086211584,12329410,10696873,1715,765,0,10715136,1089,66,/home/ahmed/pranay/work/79/5de0b9fb695f22dce282c304f95351,-,-,12th Gen Intel(R) Core(TM) i5-12400,34.550631,SAMTOOLS_SORT,intel_i5,rnaseq,intel_i5
23,-,257114,NFCORE_CHIPSEQ:CHIPSEQ:ALIGN_BWA_MEM:BAM_SORT_SAMTOOLS:SAMTOOLS_SORT,SPT5_INPUT_REP2_T1,NFCORE_CHIPSEQ:CHIPSEQ:ALIGN_BWA_MEM:BAM_SORT_SAMTOOLS:SAMTOOLS_SORT (SPT5_INPUT_REP2_T1),COMPLETED,0,-,quay.io/biocontainers/samtools:1.15.1--h1170115_0,2,21600000,-,6442450944,1,1787441892722,1787441892843,1787441894742,2020,0,-,180.6,0.1,21897216,1852973056,21897216,1852977152,12320004,10736948,1715,766,0,10756096,106,14,/home/ahmed/pranay/work/16/d0afe7cee1a9a3763082bf5cb13cc0,-,-,12th Gen Intel(R) Core(TM) i5-12400,34.550631,SAMTOOLS_SORT,intel_i5,rnaseq,intel_i5
14,-,252355,NFCORE_CHIPSEQ:CHIPSEQ:FASTQC_TRIMGALORE:TRIMGALORE,SPT5_T0_REP2_T1,NFCORE_CHIPSEQ:CHIPSEQ:FASTQC_TRIMGALORE:TRIMGALORE (SPT5_T0_REP2_T1),COMPLETED,0,-,quay.io/biocontainers/trim-galore:0.6.7--hdfd78af_0,2,21600000,-,6442450944,1,1787441885081,1787441885179,1787441895473,10392,10000,-,168.7,0.9,320118784,3280588800,320118784,3341406208,261540660,209628980,52479,37584,0,25419776,5381,340,/home/ahmed/pranay/work/a5/4f0d732b6d262ea33fc487a7045081,-,-,12th Gen Intel(R) Core(TM) i5-12400,475.15326400000004,TRIMGALORE,intel_i5,rnaseq,intel_i5
30,-,259080,NFCORE_CHIPSEQ:CHIPSEQ:ALIGN_BWA_MEM:BAM_SORT_SAMTOOLS:BAM_STATS_SAMTOOLS:SAMTOOLS_IDXSTATS,SPT5_INPUT_REP1_T1,NFCORE_CHIPSEQ:CHIPSEQ:ALIGN_BWA_MEM:BAM_SORT_SAMTOOLS:BAM_STATS_SAMTOOLS:SAMTOOLS_IDXSTATS (SPT5_INPUT_REP1_T1),COMPLETED,0,-,quay.io/biocontainers/samtools:1.15.1--h1170115_0,2,14400000,-,6442450944,1,1787441895475,1787441895551,1787441895810,335,0,-,0.0,0.0,3473408,5648384,3473408,5652480,126459,5289,227,19,0,12288,2,0,/home/ahmed/pranay/work/2b/81821e1a7be1b70b05bc86f02bc216,-,-,12th Gen Intel(R) Core(TM) i5-12400,52.413013,SAMTOOLS_IDXSTATS,intel_i5,rnaseq,intel_i5
28,-,259122,NFCORE_CHIPSEQ:CHIPSEQ:ALIGN_BWA_MEM:BAM_SORT_SAMTOOLS:BAM_STATS_SAMTOOLS:SAMTOOLS_STATS,SPT5_INPUT_REP1_T1,NFCORE_CHIPSEQ:CHIPSEQ:ALIGN_BWA_MEM:BAM_SORT_SAMTOOLS:BAM_STATS_SAMTOOLS:SAMTOOLS_STATS (SPT5_INPUT_REP1_T1),COMPLETED,0,-,quay.io/biocontainers/samtools:1.15.1--h1170115_0,2,14400000,-,6442450944,1,1787441895551,1787441895650,1787441896111,560,0,-,123.4,0.0,7696384,165756928,7696384,232701952,10803845,44182,1713,28,0,49152,3,3,/home/ahmed/pranay/work/36/e2765a73462f128210df26c06655ae,-,-,12th Gen Intel(R) Core(TM) i5-12400,52.413013,SAMTOOLS_STATS,intel_i5,rnaseq,intel_i5
33,-,259960,NFCORE_CHIPSEQ:CHIPSEQ:ALIGN_BWA_MEM:BAM_SORT_SAMTOOLS:BAM_STATS_SAMTOOLS:SAMTOOLS_STATS,SPT5_INPUT_REP2_T1,NFCORE_CHIPSEQ:CHIPSEQ:ALIGN_BWA_MEM:BAM_SORT_SAMTOOLS:BAM_STATS_SAMTOOLS:SAMTOOLS_STATS (SPT5_INPUT_REP2_T1),COMPLETED,0,-,quay.io/biocontainers/samtools:1.15.1--h1170115_0,2,14400000,-,6442450944,1,1787441896208,1787441896305,1787441899168,2960,1000,-,132.0,0.0,7892992,165756928,7892992,232853504,10843919,44111,1715,28,0,49152,3,1,/home/ahmed/pranay/work/9a/ce560cb5ff05210a5bdbf98b23ff75,-,-,12th Gen Intel(R) Core(TM) i5-12400,92.71601,SAMTOOLS_STATS,intel_i5,rnaseq,intel_i5
21,-,256762,NFCORE_CHIPSEQ:CHIPSEQ:ALIGN_BWA_MEM:BWA_MEM,SPT5_T0_REP1_T1,NFCORE_CHIPSEQ:CHIPSEQ:ALIGN_BWA_MEM:BWA_MEM (SPT5_T0_REP1_T1),COMPLETED,0,-,quay.io/biocontainers/mulled-v2-fe8faa35dbf6dc65a0f7f5d4ea12e31a79f73e40:8110a70be2bfe7f75a2ea7f2a89cda4cc7732095-0,2,21600000,-,6442450944,1,1787441892533,1787441892544,1787441899867,7334,6000,-,112.9,0.5,176533504,313966592,176533504,314499072,83502061,64026030,11636,13439,0,11997184,560,7,/home/ahmed/pranay/work/9c/da1b12f8abbdf8138c140ba0be1e6f,-,-,12th Gen Intel(R) Core(TM) i5-12400,265.261711,BWA_MEM,intel_i5,rnaseq,intel_i5
24,-,257256,NFCORE_CHIPSEQ:CHIPSEQ:ALIGN_BWA_MEM:BWA_MEM,SPT5_T15_REP2_T1,NFCORE_CHIPSEQ:CHIPSEQ:ALIGN_BWA_MEM:BWA_MEM (SPT5_T15_REP2_T1),COMPLETED,0,-,quay.io/biocontainers/mulled-v2-fe8faa35dbf6dc65a0f7f5d4ea12e31a79f73e40:8110a70be2bfe7f75a2ea7f2a89cda4cc7732095-0,2,21600000,-,6442450944,1,1787441892826,1787441892917,1787441900003,7177,4000,-,151.5,0.5,177557504,546193408,181465088,551514112,83813690,64162871,12044,13443,4096,12099584,429,1,/home/ahmed/pranay/work/01/a4a610700e8e6c015303a81eefeb48,-,-,12th Gen Intel(R) Core(TM) i5-12400,265.261711,BWA_MEM,intel_i5,rnaseq,intel_i5
25,-,258070,NFCORE_CHIPSEQ:CHIPSEQ:ALIGN_BWA_MEM:BWA_MEM,SPT5_T15_REP1_T1,NFCORE_CHIPSEQ:CHIPSEQ:ALIGN_BWA_MEM:BWA_MEM (SPT5_T15_REP1_T1),COMPLETED,0,-,quay.io/biocontainers/mulled-v2-fe8faa35dbf6dc65a0f7f5d4ea12e31a79f73e40:8110a70be2bfe7f75a2ea7f2a89cda4cc7732095-0,2,21600000,-,6442450944,1,1787441894443,1787441894540,1787441900014,5571,4000,-,158.0,0.5,180023296,546193408,184041472,551518208,85103654,65597637,12353,13734,0,12394496,444,4,/home/ahmed/pranay/work/16/5ac397d06470e002bccfa802374ddc,-,-,12th Gen Intel(R) Core(TM) i5-12400,230.71108000000004,BWA_MEM,intel_i5,rnaseq,intel_i5
37,-,261730,NFCORE_CHIPSEQ:CHIPSEQ:ALIGN_BWA_MEM:BAM_SORT_SAMTOOLS:SAMTOOLS_SORT,SPT5_T15_REP1_T1,NFCORE_CHIPSEQ:CHIPSEQ:ALIGN_BWA_MEM:BAM_SORT_SAMTOOLS:SAMTOOLS_SORT (SPT5_T15_REP1_T1),COMPLETED,0,-,quay.io/biocontainers/samtools:1.15.1--h1170115_0,2,21600000,-,6442450944,1,1787441900019,1787441900114,1787441901927,1908,0,-,177.4,0.1,21643264,1852973056,21643264,1852977152,12482202,9089461,1567,692,0,9105408,100,3,/home/ahmed/pranay/work/f3/2b156552953ba04568828fa7356da2,-,-,12th Gen Intel(R) Core(TM) i5-12400,66.352552,SAMTOOLS_SORT,intel_i5,rnaseq,intel_i5
36,-,261707,NFCORE_CHIPSEQ:CHIPSEQ:ALIGN_BWA_MEM:BAM_SORT_SAMTOOLS:SAMTOOLS_SORT,SPT5_T15_REP2_T1,NFCORE_CHIPSEQ:CHIPSEQ:ALIGN_BWA_MEM:BAM_SORT_SAMTOOLS:SAMTOOLS_SORT (SPT5_T15_REP2_T1),COMPLETED,0,-,quay.io/biocontainers/samtools:1.15.1--h1170115_0,2,21600000,-,6442450944,1,1787441900009,1787441900016,1787441901937,1928,0,-,155.9,0.0,18092032,1852973056,18092032,1852977152,12189761,9126127,1541,679,0,9138176,112,10,/home/ahmed/pranay/work/00/d3e3f62d74acdd040049950d567c99,-,-,12th Gen Intel(R) Core(TM) i5-12400,66.352552,SAMTOOLS_SORT,intel_i5,rnaseq,intel_i5
38,-,262186,NFCORE_CHIPSEQ:CHIPSEQ:ALIGN_BWA_MEM:BAM_SORT_SAMTOOLS:SAMTOOLS_INDEX,SPT5_T0_REP1_T1,NFCORE_CHIPSEQ:CHIPSEQ:ALIGN_BWA_MEM:BAM_SORT_SAMTOOLS:SAMTOOLS_INDEX (SPT5_T0_REP1_T1),COMPLETED,0,-,quay.io/biocontainers/samtools:1.15.1--h1170115_0,2,14400000,-,6442450944,1,1787441900499,1787441900596,1787441902193,1694,1000,-,116.7,0.0,7430144,164216832,7430144,231464960,8890839,14954,1541,21,0,20480,105,3,/home/ahmed/pranay/work/bd/5a919cfe3c416f0fa90d1bb248908c,-,-,12th Gen Intel(R) Core(TM) i5-12400,66.352552,SAMTOOLS_INDEX,intel_i5,rnaseq,intel_i5
42,-,262939,NFCORE_CHIPSEQ:CHIPSEQ:ALIGN_BWA_MEM:BAM_SORT_SAMTOOLS:BAM_STATS_SAMTOOLS:SAMTOOLS_STATS,SPT5_T0_REP1_T1,NFCORE_CHIPSEQ:CHIPSEQ:ALIGN_BWA_MEM:BAM_SORT_SAMTOOLS:BAM_STATS_SAMTOOLS:SAMTOOLS_STATS (SPT5_T0_REP1_T1),COMPLETED,0,-,quay.io/biocontainers/samtools:1.15.1--h1170115_0,2,14400000,-,6442450944,1,1787441902220,1787441902294,1787441902838,618,0,-,132.7,0.0,7856128,165756928,7856128,232853504,8891545,68307,1541,34,0,73728,5,7,/home/ahmed/pranay/work/38/7d1539cb733eeade4795980e3d107b,-,-,12th Gen Intel(R) Core(TM) i5-12400,23.064516,SAMTOOLS_STATS,intel_i5,rnaseq,intel_i5
44,-,263327,NFCORE_CHIPSEQ:CHIPSEQ:ALIGN_BWA_MEM:BAM_SORT_SAMTOOLS:BAM_STATS_SAMTOOLS:SAMTOOLS_IDXSTATS,SPT5_T15_REP2_T1,NFCORE_CHIPSEQ:CHIPSEQ:ALIGN_BWA_MEM:BAM_SORT_SAMTOOLS:BAM_STATS_SAMTOOLS:SAMTOOLS_IDXSTATS (SPT5_T15_REP2_T1),COMPLETED,0,-,quay.io/biocontainers/samtools:1.15.1--h1170115_0,2,14400000,-,6442450944,1,1787441902462,1787441902560,1787441902875,413,0,-,85.7,0.0,3375104,5648384,3375104,5652480,126601,5303,227,19,0,12288,2,0,/home/ahmed/pranay/work/bb/4a644dec81d881ecd4c960eadc5fd4,-,-,12th Gen Intel(R) Core(TM) i5-12400,23.064516,SAMTOOLS_IDXSTATS,intel_i5,rnaseq,intel_i5
43,-,263300,NFCORE_CHIPSEQ:CHIPSEQ:ALIGN_BWA_MEM:BAM_SORT_SAMTOOLS:BAM_STATS_SAMTOOLS:SAMTOOLS_FLAGSTAT,SPT5_T0_REP1_T1,NFCORE_CHIPSEQ:CHIPSEQ:ALIGN_BWA_MEM:BAM_SORT_SAMTOOLS:BAM_STATS_SAMTOOLS:SAMTOOLS_FLAGSTAT (SPT5_T0_REP1_T1),COMPLETED,0,-,quay.io/biocontainers/samtools:1.15.1--h1170115_0,2,14400000,-,6442450944,1,1787441902449,1787441902463,1787441902918,469,0,-,116.7,0.0,7290880,164216832,7290880,231464960,8890955,5475,1541,19,0,12288,109,2,/home/ahmed/pranay/work/28/a5206da7f7c7281cb5c7c1154a2c76,-,-,12th Gen Intel(R) Core(TM) i5-12400,23.064516,SAMTOOLS_FLAGSTAT,intel_i5,rnaseq,intel_i5
31,-,259917,NFCORE_CHIPSEQ:CHIPSEQ:ALIGN_BWA_MEM:BWA_MEM,SPT5_T0_REP2_T1,NFCORE_CHIPSEQ:CHIPSEQ:ALIGN_BWA_MEM:BWA_MEM (SPT5_T0_REP2_T1),COMPLETED,0,-,quay.io/biocontainers/mulled-v2-fe8faa35dbf6dc65a0f7f5d4ea12e31a79f73e40:8110a70be2bfe7f75a2ea7f2a89cda4cc7732095-0,2,21600000,-,6442450944,1,1787441896114,1787441896208,1787441903090,6976,3000,-,191.8,0.5,176885760,546193408,180928512,551514112,84183388,64837474,12121,13596,0,12193792,504,2,/home/ahmed/pranay/work/e0/38994d533bee9d1401df36b5a9c949,-,-,12th Gen Intel(R) Core(TM) i5-12400,214.718627,BWA_MEM,intel_i5,rnaseq,intel_i5
45,-,263700,NFCORE_CHIPSEQ:CHIPSEQ:ALIGN_BWA_MEM:BAM_SORT_SAMTOOLS:BAM_STATS_SAMTOOLS:SAMTOOLS_STATS,SPT5_T15_REP2_T1,NFCORE_CHIPSEQ:CHIPSEQ:ALIGN_BWA_MEM:BAM_SORT_SAMTOOLS:BAM_STATS_SAMTOOLS:SAMTOOLS_STATS (SPT5_T15_REP2_T1),COMPLETED,0,-,quay.io/biocontainers/samtools:1.15.1--h1170115_0,2,14400000,-,6442450944,1,1787441902640,1787441902738,1787441905724,3084,1000,-,131.4,0.0,8069120,165756928,8069120,232853504,9233093,66660,1541,34,0,73728,3,6,/home/ahmed/pranay/work/09/4c5643ee748c6a1e7624a172fabd04,-,-,12th Gen Intel(R) Core(TM) i5-12400,37.280422,SAMTOOLS_STATS,intel_i5,rnaseq,intel_i5
49,-,264136,NFCORE_CHIPSEQ:CHIPSEQ:ALIGN_BWA_MEM:BAM_SORT_SAMTOOLS:BAM_STATS_SAMTOOLS:SAMTOOLS_IDXSTATS,SPT5_T15_REP1_T1,NFCORE_CHIPSEQ:CHIPSEQ:ALIGN_BWA_MEM:BAM_SORT_SAMTOOLS:BAM_STATS_SAMTOOLS:SAMTOOLS_IDXSTATS (SPT5_T15_REP1_T1),COMPLETED,0,-,quay.io/biocontainers/samtools:1.15.1--h1170115_0,2,14400000,-,6442450944,1,1787441902877,1787441902923,1787441905752,2875,0,-,70.6,0.0,3350528,5648384,3350528,5652480,126458,5300,227,19,0,12288,2,0,/home/ahmed/pranay/work/02/255dfde46ff0fa3d3d1f821bc72485,-,-,12th Gen Intel(R) Core(TM) i5-12400,14.215906,SAMTOOLS_IDXSTATS,intel_i5,rnaseq,intel_i5
46,-,264093,NFCORE_CHIPSEQ:CHIPSEQ:ALIGN_BWA_MEM:BAM_SORT_SAMTOOLS:BAM_STATS_SAMTOOLS:SAMTOOLS_FLAGSTAT,SPT5_T15_REP2_T1,NFCORE_CHIPSEQ:CHIPSEQ:ALIGN_BWA_MEM:BAM_SORT_SAMTOOLS:BAM_STATS_SAMTOOLS:SAMTOOLS_FLAGSTAT (SPT5_T15_REP2_T1),COMPLETED,0,-,quay.io/biocontainers/samtools:1.15.1--h1170115_0,2,14400000,-,6442450944,1,1787441902843,1787441902877,1787441905783,2940,0,-,118.5,0.0,7200768,164216832,7200768,231464960,9232501,5475,1541,19,0,12288,120,0,/home/ahmed/pranay/work/2f/bca978106448bcd5d9b115f92f853a,-,-,12th Gen Intel(R) Core(TM) i5-12400,14.215906,SAMTOOLS_FLAGSTAT,intel_i5,rnaseq,intel_i5
47,-,264222,NFCORE_CHIPSEQ:CHIPSEQ:ALIGN_BWA_MEM:BAM_SORT_SAMTOOLS:BAM_STATS_SAMTOOLS:SAMTOOLS_FLAGSTAT,SPT5_T15_REP1_T1,NFCORE_CHIPSEQ:CHIPSEQ:ALIGN_BWA_MEM:BAM_SORT_SAMTOOLS:BAM_STATS_SAMTOOLS:SAMTOOLS_FLAGSTAT (SPT5_T15_REP1_T1),COMPLETED,0,-,quay.io/biocontainers/samtools:1.15.1--h1170115_0,2,14400000,-,6442450944,1,1787441902924,1787441903018,1787441905875,2951,0,-,127.9,0.0,7229440,164216832,7229440,231464960,9195837,5476,1567,19,0,12288,127,5,/home/ahmed/pranay/work/19/8c52b7767cc9afbf8c7894807c5514,-,-,12th Gen Intel(R) Core(TM) i5-12400,19.650096,SAMTOOLS_FLAGSTAT,intel_i5,rnaseq,intel_i5
48,-,264509,NFCORE_CHIPSEQ:CHIPSEQ:ALIGN_BWA_MEM:BAM_SORT_SAMTOOLS:BAM_STATS_SAMTOOLS:SAMTOOLS_STATS,SPT5_T15_REP1_T1,NFCORE_CHIPSEQ:CHIPSEQ:ALIGN_BWA_MEM:BAM_SORT_SAMTOOLS:BAM_STATS_SAMTOOLS:SAMTOOLS_STATS (SPT5_T15_REP1_T1),COMPLETED,0,-,quay.io/biocontainers/samtools:1.15.1--h1170115_0,2,14400000,-,6442450944,1,1787441903092,1787441903190,1787441906124,3032,0,-,124.0,0.0,7983104,165756928,7983104,232853504,9196427,67471,1567,34,0,73728,3,2,/home/ahmed/pranay/work/a5/d5841894942b0cb74ac422b8c8fd31,-,-,12th Gen Intel(R) Core(TM) i5-12400,19.650096,SAMTOOLS_STATS,intel_i5,rnaseq,intel_i5
50,-,265076,NFCORE_CHIPSEQ:CHIPSEQ:ALIGN_BWA_MEM:BAM_SORT_SAMTOOLS:SAMTOOLS_SORT,SPT5_T0_REP2_T1,NFCORE_CHIPSEQ:CHIPSEQ:ALIGN_BWA_MEM:BAM_SORT_SAMTOOLS:SAMTOOLS_SORT (SPT5_T0_REP2_T1),COMPLETED,0,-,quay.io/biocontainers/samtools:1.15.1--h1170115_0,2,21600000,-,6442450944,1,1787441905726,1787441905753,1787441906346,620,1000,-,184.3,0.1,22376448,1852973056,22376448,1852977152,12271529,8656322,1559,688,0,8671232,100,0,/home/ahmed/pranay/work/95/745461e4958b448781355838c70779,-,-,12th Gen Intel(R) Core(TM) i5-12400,5.43419,SAMTOOLS_SORT,intel_i5,rnaseq,intel_i5
51,-,265494,NFCORE_CHIPSEQ:CHIPSEQ:ALIGN_BWA_MEM:BAM_SORT_SAMTOOLS:SAMTOOLS_INDEX,SPT5_T0_REP2_T1,NFCORE_CHIPSEQ:CHIPSEQ:ALIGN_BWA_MEM:BAM_SORT_SAMTOOLS:SAMTOOLS_INDEX (SPT5_T0_REP2_T1),COMPLETED,0,-,quay.io/biocontainers/samtools:1.15.1--h1170115_0,2,14400000,-,6442450944,1,1787441906359,1787441906447,1787441906932,573,0,-,140.4,0.0,7340032,164216832,7340032,231464960,8762583,16587,1559,21,0,20480,97,1,/home/ahmed/pranay/work/79/5e033b4b77cf64d665e124d9c804b2,-,-,12th Gen Intel(R) Core(TM) i5-12400,16.985064,SAMTOOLS_INDEX,intel_i5,rnaseq,intel_i5
55,-,265520,NFCORE_CHIPSEQ:CHIPSEQ:PICARD_MERGESAMFILES,SPT5_T15_REP1,NFCORE_CHIPSEQ:CHIPSEQ:PICARD_MERGESAMFILES (SPT5_T15_REP1),COMPLETED,0,-,quay.io/biocontainers/picard:2.27.4--hdfd78af_0,2,21600000,-,6442450944,1,1787441906384,1787441906448,1787441908804,2420,1000,-,205.4,0.0,8032256,16957440,8032256,16961536,13935488,846,5530,38,0,40960,4,0,/home/ahmed/pranay/work/a4/b300369f7b3e3790a8aa529507440c,-,-,12th Gen Intel(R) Core(TM) i5-12400,72.897824,PICARD_MERGESAMFILES,intel_i5,rnaseq,intel_i5
54,-,265510,NFCORE_CHIPSEQ:CHIPSEQ:PICARD_MERGESAMFILES,SPT5_T0_REP1,NFCORE_CHIPSEQ:CHIPSEQ:PICARD_MERGESAMFILES (SPT5_T0_REP1),COMPLETED,0,-,quay.io/biocontainers/picard:2.27.4--hdfd78af_0,2,21600000,-,6442450944,1,1787441906377,1787441906447,1787441908818,2441,1000,-,204.2,0.0,19681280,43589632,19681280,43597824,13935486,846,5529,38,0,40960,20,1,/home/ahmed/pranay/work/b8/b43514d6745f36e2ba8cdd6057fdb8,-,-,12th Gen Intel(R) Core(TM) i5-12400,131.447479,PICARD_MERGESAMFILES,intel_i5,rnaseq,intel_i5
56,-,265531,NFCORE_CHIPSEQ:CHIPSEQ:PICARD_MERGESAMFILES,SPT5_T15_REP2,NFCORE_CHIPSEQ:CHIPSEQ:PICARD_MERGESAMFILES (SPT5_T15_REP2),COMPLETED,0,-,quay.io/biocontainers/picard:2.27.4--hdfd78af_0,2,21600000,-,6442450944,1,1787441906390,1787441906448,1787441908831,2441,1000,-,198.2,0.0,20074496,43589632,20074496,43597824,13935487,846,5529,38,0,40960,18,2,/home/ahmed/pranay/work/39/7ffb900aee59fdd744717b84fb3edf,-,-,12th Gen Intel(R) Core(TM) i5-12400,131.447479,PICARD_MERGESAMFILES,intel_i5,rnaseq,intel_i5
52,-,265501,NFCORE_CHIPSEQ:CHIPSEQ:PICARD_MERGESAMFILES,SPT5_INPUT_REP1,NFCORE_CHIPSEQ:CHIPSEQ:PICARD_MERGESAMFILES (SPT5_INPUT_REP1),COMPLETED,0,-,quay.io/biocontainers/picard:2.27.4--hdfd78af_0,2,21600000,-,6442450944,1,1787441906372,1787441906447,1787441908925,2553,1000,-,188.9,0.0,20008960,43589632,20008960,43597824,13935492,846,5530,38,0,40960,18,4,/home/ahmed/pranay/work/a4/93f003d9715e4807c8ef7bcb7ede21,-,-,12th Gen Intel(R) Core(TM) i5-12400,131.447479,PICARD_MERGESAMFILES,intel_i5,rnaseq,intel_i5
57,-,267902,NFCORE_CHIPSEQ:CHIPSEQ:PICARD_MERGESAMFILES,SPT5_T0_REP2,NFCORE_CHIPSEQ:CHIPSEQ:PICARD_MERGESAMFILES (SPT5_T0_REP2),COMPLETED,0,-,quay.io/biocontainers/picard:2.27.4--hdfd78af_0,2,21600000,-,6442450944,1,1787441906934,1787441907032,1787441910409,3475,1000,-,203.5,0.0,20209664,43589632,20209664,43597824,13935455,846,5530,38,0,303104,17,7,/home/ahmed/pranay/work/67/83cb69df68f6f0983f57d7eb0779fb,-,-,12th Gen Intel(R) Core(TM) i5-12400,132.693691,PICARD_MERGESAMFILES,intel_i5,rnaseq,intel_i5
58,-,271150,NFCORE_CHIPSEQ:CHIPSEQ:ALIGN_BWA_MEM:BAM_SORT_SAMTOOLS:BAM_STATS_SAMTOOLS:SAMTOOLS_IDXSTATS,SPT5_T0_REP2_T1,NFCORE_CHIPSEQ:CHIPSEQ:ALIGN_BWA_MEM:BAM_SORT_SAMTOOLS:BAM_STATS_SAMTOOLS:SAMTOOLS_IDXSTATS (SPT5_T0_REP2_T1),COMPLETED,0,-,quay.io/biocontainers/samtools:1.15.1--h1170115_0,2,14400000,-,6442450944,1,1787441908833,1787441908927,1787441910477,1644,0,-,70.6,0.0,3309568,5648384,3309568,5652480,127696,5302,227,19,0,12288,2,0,/home/ahmed/pranay/work/e1/15d92b2741938c22d205f626df16d7,-,-,12th Gen Intel(R) Core(TM) i5-12400,18.231276,SAMTOOLS_IDXSTATS,intel_i5,rnaseq,intel_i5
59,-,271120,NFCORE_CHIPSEQ:CHIPSEQ:ALIGN_BWA_MEM:BAM_SORT_SAMTOOLS:BAM_STATS_SAMTOOLS:SAMTOOLS_STATS,SPT5_T0_REP2_T1,NFCORE_CHIPSEQ:CHIPSEQ:ALIGN_BWA_MEM:BAM_SORT_SAMTOOLS:BAM_STATS_SAMTOOLS:SAMTOOLS_STATS (SPT5_T0_REP2_T1),COMPLETED,0,-,quay.io/biocontainers/samtools:1.15.1--h1170115_0,2,14400000,-,6442450944,1,1787441908820,1787441908834,1787441910541,1721,0,-,128.4,0.0,8040448,165756928,8040448,232853504,8763286,72819,1559,35,0,77824,4,7,/home/ahmed/pranay/work/29/c8809ad12af4ec3eed3461ce4350d8,-,-,12th Gen Intel(R) Core(TM) i5-12400,18.231276,SAMTOOLS_STATS,intel_i5,rnaseq,intel_i5
60,-,271197,NFCORE_CHIPSEQ:CHIPSEQ:ALIGN_BWA_MEM:BAM_SORT_SAMTOOLS:BAM_STATS_SAMTOOLS:SAMTOOLS_FLAGSTAT,SPT5_T0_REP2_T1,NFCORE_CHIPSEQ:CHIPSEQ:ALIGN_BWA_MEM:BAM_SORT_SAMTOOLS:BAM_STATS_SAMTOOLS:SAMTOOLS_FLAGSTAT (SPT5_T0_REP2_T1),COMPLETED,0,-,quay.io/biocontainers/samtools:1.15.1--h1170115_0,2,14400000,-,6442450944,1,1787441908928,1787441909025,1787441910626,1698,0,-,121.5,0.0,7225344,164216832,7225344,231464960,8762696,5477,1559,19,0,12288,95,2,/home/ahmed/pranay/work/9f/a6eb4c86c4f9e014ba7a35a2e5521d,-,-,12th Gen Intel(R) Core(TM) i5-12400,18.231276,SAMTOOLS_FLAGSTAT,intel_i5,rnaseq,intel_i5
53,-,271088,NFCORE_CHIPSEQ:CHIPSEQ:PICARD_MERGESAMFILES,SPT5_INPUT_REP2,NFCORE_CHIPSEQ:CHIPSEQ:PICARD_MERGESAMFILES (SPT5_INPUT_REP2),COMPLETED,0,-,quay.io/biocontainers/picard:2.27.4--hdfd78af_0,2,21600000,-,6442450944,1,1787441908806,1787441908819,1787441912088,3282,0,-,187.3,0.0,19374080,43589632,19374080,43597824,13935478,846,5530,38,0,40960,18,2,/home/ahmed/pranay/work/1d/6b08f599d61e423a76dda8c2ef0193,-,-,12th Gen Intel(R) Core(TM) i5-12400,96.405271,PICARD_MERGESAMFILES,intel_i5,rnaseq,intel_i5
62,-,272451,NFCORE_CHIPSEQ:CHIPSEQ:MARK_DUPLICATES_PICARD:PICARD_MARKDUPLICATES,SPT5_T0_REP1,NFCORE_CHIPSEQ:CHIPSEQ:MARK_DUPLICATES_PICARD:PICARD_MARKDUPLICATES (SPT5_T0_REP1),COMPLETED,0,-,quay.io/biocontainers/picard:2.27.4--hdfd78af_0,2,21600000,-,6442450944,1,1787441910479,1787441910543,1787441917322,6843,6000,-,195.1,7.3,2449977344,10928750592,2724245504,10928754688,46611765,9725378,15549,374,8974336,9932800,12,2,/home/ahmed/pranay/work/06/308b92acba8621a0d1049064e865f2,-,-,12th Gen Intel(R) Core(TM) i5-12400,374.45424199999997,PICARD_MARKDUPLICATES,intel_i5,rnaseq,intel_i5
61,-,272303,NFCORE_CHIPSEQ:CHIPSEQ:MARK_DUPLICATES_PICARD:PICARD_MARKDUPLICATES,SPT5_T15_REP1,NFCORE_CHIPSEQ:CHIPSEQ:MARK_DUPLICATES_PICARD:PICARD_MARKDUPLICATES (SPT5_T15_REP1),COMPLETED,0,-,quay.io/biocontainers/picard:2.27.4--hdfd78af_0,2,21600000,-,6442450944,1,1787441910412,1787441910479,1787441917444,7032,6000,-,182.5,8.0,2688659456,10928750592,2688659456,10928754688,47174449,10069888,14911,373,9084928,10293248,11,0,/home/ahmed/pranay/work/e8/1af78f16a60ef49fedd997885ee2db,-,-,12th Gen Intel(R) Core(TM) i5-12400,374.45424199999997,PICARD_MARKDUPLICATES,intel_i5,rnaseq,intel_i5
63,-,272522,NFCORE_CHIPSEQ:CHIPSEQ:MARK_DUPLICATES_PICARD:PICARD_MARKDUPLICATES,SPT5_T15_REP2,NFCORE_CHIPSEQ:CHIPSEQ:MARK_DUPLICATES_PICARD:PICARD_MARKDUPLICATES (SPT5_T15_REP2),COMPLETED,0,-,quay.io/biocontainers/picard:2.27.4--hdfd78af_0,2,21600000,-,6442450944,1,1787441910543,1787441910628,1787441920068,9525,5000,-,189.5,7.9,2651127808,10928750592,2651127808,10928754688,47233773,10087263,14719,379,9121792,10379264,12,3,/home/ahmed/pranay/work/bc/9b13aefa01b472d71ac4c3614bd5c3,-,-,12th Gen Intel(R) Core(TM) i5-12400,421.323019,PICARD_MARKDUPLICATES,intel_i5,rnaseq,intel_i5
64,-,272625,NFCORE_CHIPSEQ:CHIPSEQ:MARK_DUPLICATES_PICARD:PICARD_MARKDUPLICATES,SPT5_INPUT_REP1,NFCORE_CHIPSEQ:CHIPSEQ:MARK_DUPLICATES_PICARD:PICARD_MARKDUPLICATES (SPT5_INPUT_REP1),COMPLETED,0,-,quay.io/biocontainers/picard:2.27.4--hdfd78af_0,2,21600000,-,6442450944,1,1787441910628,1787441910726,1787441920084,9456,5000,-,200.3,8.0,2670186496,10928750592,2670186496,10995863552,50289053,11681356,15111,386,10694656,11960320,13,8,/home/ahmed/pranay/work/2c/77c2bff04595787d52743a18f2145f,-,-,12th Gen Intel(R) Core(TM) i5-12400,421.323019,PICARD_MARKDUPLICATES,intel_i5,rnaseq,intel_i5
67,-,279809,NFCORE_CHIPSEQ:CHIPSEQ:MARK_DUPLICATES_PICARD:SAMTOOLS_INDEX,SPT5_T0_REP1,NFCORE_CHIPSEQ:CHIPSEQ:MARK_DUPLICATES_PICARD:SAMTOOLS_INDEX (SPT5_T0_REP1),COMPLETED,0,-,quay.io/biocontainers/samtools:1.15.1--h1170115_0,2,14400000,-,6442450944,1,1787441917446,1787441917544,1787441920297,2851,0,-,100.0,0.0,7139328,164216832,7139328,231464960,9126771,15104,1644,21,0,20480,171,0,/home/ahmed/pranay/work/11/16aa05e238871c95d2d715b4e4aa5a,-,-,12th Gen Intel(R) Core(TM) i5-12400,46.868777,SAMTOOLS_INDEX,intel_i5,rnaseq,intel_i5
65,-,276640,NFCORE_CHIPSEQ:CHIPSEQ:MARK_DUPLICATES_PICARD:PICARD_MARKDUPLICATES,SPT5_T0_REP2,NFCORE_CHIPSEQ:CHIPSEQ:MARK_DUPLICATES_PICARD:PICARD_MARKDUPLICATES (SPT5_T0_REP2),COMPLETED,0,-,quay.io/biocontainers/picard:2.27.4--hdfd78af_0,2,21600000,-,6442450944,1,1787441912091,1787441912188,1787441920861,8770,7000,-,142.3,8.1,2704908288,10996912128,2704908288,11064025088,46210188,9625359,17361,373,8712192,10194944,19,2,/home/ahmed/pranay/work/5d/b2858d873fd6fce8d71c8a779ba0d4,-,-,12th Gen Intel(R) Core(TM) i5-12400,343.14902399999994,PICARD_MARKDUPLICATES,intel_i5,rnaseq,intel_i5
73,-,281714,NFCORE_CHIPSEQ:CHIPSEQ:MARK_DUPLICATES_PICARD:BAM_STATS_SAMTOOLS:SAMTOOLS_FLAGSTAT,SPT5_T0_REP1,NFCORE_CHIPSEQ:CHIPSEQ:MARK_DUPLICATES_PICARD:BAM_STATS_SAMTOOLS:SAMTOOLS_FLAGSTAT (SPT5_T0_REP1),COMPLETED,0,-,quay.io/biocontainers/samtools:1.15.1--h1170115_0,2,14400000,-,6442450944,1,1787441920578,1787441920676,1787441921062,484,0,-,94.1,0.0,7454720,164216832,7454720,231464960,9126890,5462,1644,19,0,12288,166,1,/home/ahmed/pranay/work/07/2c9e38ab5289ee35f7ffdf90dc1c12,-,-,12th Gen Intel(R) Core(TM) i5-12400,50.742179,SAMTOOLS_FLAGSTAT,intel_i5,rnaseq,intel_i5
72,-,281675,NFCORE_CHIPSEQ:CHIPSEQ:MARK_DUPLICATES_PICARD:BAM_STATS_SAMTOOLS:SAMTOOLS_STATS,SPT5_T0_REP1,NFCORE_CHIPSEQ:CHIPSEQ:MARK_DUPLICATES_PICARD:BAM_STATS_SAMTOOLS:SAMTOOLS_STATS (SPT5_T0_REP1),COMPLETED,0,-,quay.io/biocontainers/samtools:1.15.1--h1170115_0,2,14400000,-,6442450944,1,1787441920565,1787441920585,1787441921182,617,0,-,113.9,0.0,7712768,165756928,7712768,232857600,9130980,68299,1645,34,0,73728,2,0,/home/ahmed/pranay/work/7f/6f0fade045c97ccaa68d9e4d4fa29d,-,-,12th Gen Intel(R) Core(TM) i5-12400,50.742179,SAMTOOLS_STATS,intel_i5,rnaseq,intel_i5
74,-,282415,NFCORE_CHIPSEQ:CHIPSEQ:MARK_DUPLICATES_PICARD:BAM_STATS_SAMTOOLS:SAMTOOLS_IDXSTATS,SPT5_T0_REP1,NFCORE_CHIPSEQ:CHIPSEQ:MARK_DUPLICATES_PICARD:BAM_STATS_SAMTOOLS:SAMTOOLS_IDXSTATS (SPT5_T0_REP1),COMPLETED,0,-,quay.io/biocontainers/samtools:1.15.1--h1170115_0,2,14400000,-,6442450944,1,1787441920852,1787441920865,1787441921240,388,0,-,80.0,0.0,3301376,5648384,3301376,5652480,137523,5281,228,19,0,12288,2,1,/home/ahmed/pranay/work/c2/618f5d82b8d972f24c77f0004d0d3a,-,-,12th Gen Intel(R) Core(TM) i5-12400,50.742179,SAMTOOLS_IDXSTATS,intel_i5,rnaseq,intel_i5
77,-,282943,NFCORE_CHIPSEQ:CHIPSEQ:MARK_DUPLICATES_PICARD:BAM_STATS_SAMTOOLS:SAMTOOLS_STATS,SPT5_T15_REP2,NFCORE_CHIPSEQ:CHIPSEQ:MARK_DUPLICATES_PICARD:BAM_STATS_SAMTOOLS:SAMTOOLS_STATS (SPT5_T15_REP2),COMPLETED,0,-,quay.io/biocontainers/samtools:1.15.1--h1170115_0,2,14400000,-,6442450944,1,1787441921064,1787441921163,1787441922944,1880,0,-,123.5,0.0,8003584,165756928,8003584,232857600,9494288,66652,1645,34,0,73728,1,24,/home/ahmed/pranay/work/31/a95ccfee49e701b437ca5f1bd536ba,-,-,12th Gen Intel(R) Core(TM) i5-12400,61.712184,SAMTOOLS_STATS,intel_i5,rnaseq,intel_i5
71,-,282474,NFCORE_CHIPSEQ:CHIPSEQ:FILTER_BAM_BAMTOOLS:BAM_FILTER,SPT5_T0_REP1,NFCORE_CHIPSEQ:CHIPSEQ:FILTER_BAM_BAMTOOLS:BAM_FILTER (SPT5_T0_REP1),COMPLETED,0,-,quay.io/biocontainers/mulled-v2-0560a8046fc82aa4338588eca29ff18edab2c5aa:5687a7da26983502d0a8a9a6b05ed727c740ddc4-0,2,21600000,-,6442450944,1,1787441920864,1787441920961,1787441923080,2216,1000,-,71.8,0.0,17838080,39751680,17838080,39755776,14346681,10263150,2409,1095,1339392,5070848,13,3,/home/ahmed/pranay/work/d7/2db9f9c33b4eb3735a67c9b5ef251c,-,-,12th Gen Intel(R) Core(TM) i5-12400,61.712184,BAM_FILTER,intel_i5,rnaseq,intel_i5
76,-,283337,NFCORE_CHIPSEQ:CHIPSEQ:FILTER_BAM_BAMTOOLS:BAM_FILTER,SPT5_T15_REP2,NFCORE_CHIPSEQ:CHIPSEQ:FILTER_BAM_BAMTOOLS:BAM_FILTER (SPT5_T15_REP2),COMPLETED,0,-,quay.io/biocontainers/mulled-v2-0560a8046fc82aa4338588eca29ff18edab2c5aa:5687a7da26983502d0a8a9a6b05ed727c740ddc4-0,2,21600000,-,6442450944,1,1787441921242,1787441921340,1787441923111,1869,1000,-,96.7,0.0,12279808,21250048,12279808,21381120,15788307,12389431,2563,1322,593920,6119424,410,118,/home/ahmed/pranay/work/52/40ddd6f8a7f667635feac862f0c7ec,-,-,12th Gen Intel(R) Core(TM) i5-12400,61.712184,BAM_FILTER,intel_i5,rnaseq,intel_i5
75,-,283853,NFCORE_CHIPSEQ:CHIPSEQ:MARK_DUPLICATES_PICARD:BAM_STATS_SAMTOOLS:SAMTOOLS_IDXSTATS,SPT5_T15_REP2,NFCORE_CHIPSEQ:CHIPSEQ:MARK_DUPLICATES_PICARD:BAM_STATS_SAMTOOLS:SAMTOOLS_IDXSTATS (SPT5_T15_REP2),COMPLETED,0,-,quay.io/biocontainers/samtools:1.15.1--h1170115_0,2,14400000,-,6442450944,1,1787441921596,1787441921695,1787441923297,1701,0,-,126.3,0.0,3395584,5648384,3395584,5652480,139658,5286,228,19,0,12288,2,1,/home/ahmed/pranay/work/20/840ad51d60a24ddd31d286326c0623,-,-,12th Gen Intel(R) Core(TM) i5-12400,61.712184,SAMTOOLS_IDXSTATS,intel_i5,rnaseq,intel_i5
84,-,285635,NFCORE_CHIPSEQ:CHIPSEQ:MARK_DUPLICATES_PICARD:BAM_STATS_SAMTOOLS:SAMTOOLS_STATS,SPT5_INPUT_REP1,NFCORE_CHIPSEQ:CHIPSEQ:MARK_DUPLICATES_PICARD:BAM_STATS_SAMTOOLS:SAMTOOLS_STATS (SPT5_INPUT_REP1),COMPLETED,0,-,quay.io/biocontainers/samtools:1.15.1--h1170115_0,2,14400000,-,6442450944,1,1787441923596,1787441923693,1787441924161,565,1000,-,126.1,0.0,7938048,165756928,7938048,232857600,11086710,44170,1816,28,0,49152,2,1,/home/ahmed/pranay/work/83/256517614eda046dafc805d3e4c529,-,-,12th Gen Intel(R) Core(TM) i5-12400,47.568664,SAMTOOLS_STATS,intel_i5,rnaseq,intel_i5
81,-,284523,NFCORE_CHIPSEQ:CHIPSEQ:FILTER_BAM_BAMTOOLS:BAM_FILTER,SPT5_T15_REP1,NFCORE_CHIPSEQ:CHIPSEQ:FILTER_BAM_BAMTOOLS:BAM_FILTER (SPT5_T15_REP1),COMPLETED,0,-,quay.io/biocontainers/mulled-v2-0560a8046fc82aa4338588eca29ff18edab2c5aa:5687a7da26983502d0a8a9a6b05ed727c740ddc4-0,2,21600000,-,6442450944,1,1787441923082,1787441923113,1787441927102,4020,1000,-,127.4,0.0,12341248,21245952,12455936,21381120,15711404,12278513,2580,1318,0,6066176,373,314,/home/ahmed/pranay/work/ae/6de353087e9a973f1cadb056eabb11,-,-,12th Gen Intel(R) Core(TM) i5-12400,110.49025599999999,BAM_FILTER,intel_i5,rnaseq,intel_i5
87,-,286653,NFCORE_CHIPSEQ:CHIPSEQ:MARK_DUPLICATES_PICARD:SAMTOOLS_INDEX,SPT5_T0_REP2,NFCORE_CHIPSEQ:CHIPSEQ:MARK_DUPLICATES_PICARD:SAMTOOLS_INDEX (SPT5_T0_REP2),COMPLETED,0,-,quay.io/biocontainers/samtools:1.15.1--h1170115_0,2,14400000,-,6442450944,1,1787441924163,1787441924261,1787441927104,2941,0,-,106.7,0.0,7286784,164216832,7286784,231464960,9023642,16592,1662,21,0,20480,102,2,/home/ahmed/pranay/work/7c/1dd94904982bfa43248ecb391c16bc,-,-,12th Gen Intel(R) Core(TM) i5-12400,62.921592,SAMTOOLS_INDEX,intel_i5,rnaseq,intel_i5
86,-,286003,NFCORE_CHIPSEQ:CHIPSEQ:FILTER_BAM_BAMTOOLS:BAM_FILTER,SPT5_INPUT_REP1,NFCORE_CHIPSEQ:CHIPSEQ:FILTER_BAM_BAMTOOLS:BAM_FILTER (SPT5_INPUT_REP1),COMPLETED,0,-,quay.io/biocontainers/mulled-v2-0560a8046fc82aa4338588eca29ff18edab2c5aa:5687a7da26983502d0a8a9a6b05ed727c740ddc4-0,2,21600000,-,6442450944,1,1787441923862,1787441923870,1787441927204,3342,1000,-,127.1,0.0,12492800,21254144,12500992,21319680,20338625,18338330,3195,2015,0,9109504,495,92,/home/ahmed/pranay/work/42/6e056f0a49f5ce7c884533781f8b9c,-,-,12th Gen Intel(R) Core(TM) i5-12400,110.49025599999999,BAM_FILTER,intel_i5,rnaseq,intel_i5
88,-,286704,NFCORE_CHIPSEQ:CHIPSEQ:FILTER_BAM_BAMTOOLS:BAM_REMOVE_ORPHANS,SPT5_T0_REP1,NFCORE_CHIPSEQ:CHIPSEQ:FILTER_BAM_BAMTOOLS:BAM_REMOVE_ORPHANS (SPT5_T0_REP1),COMPLETED,0,-,quay.io/biocontainers/mulled-v2-57736af1eb98c01010848572c9fec9fff6ffaafd:402e865b8f6af2f3e58c6fc8d57127ff0144b2c7-0,2,21600000,-,6442450944,1,1787441924269,1787441924366,1787441927636,3367,3000,-,25.3,0.1,41709568,2083057664,41938944,2083061760,11992370,11615066,1863,736,5345280,11665408,512,5,/home/ahmed/pranay/work/4d/bd9cd9291e5ffd8faa255dfa07015b,-,-,12th Gen Intel(R) Core(TM) i5-12400,62.921592,BAM_REMOVE_ORPHANS,intel_i5,rnaseq,intel_i5
66,-,279417,NFCORE_CHIPSEQ:CHIPSEQ:MARK_DUPLICATES_PICARD:PICARD_MARKDUPLICATES,SPT5_INPUT_REP2,NFCORE_CHIPSEQ:CHIPSEQ:MARK_DUPLICATES_PICARD:PICARD_MARKDUPLICATES (SPT5_INPUT_REP2),COMPLETED,0,-,quay.io/biocontainers/picard:2.27.4--hdfd78af_0,2,21600000,-,6442450944,1,1787441917327,1787441917422,1787441927650,10323,7000,-,135.7,7.8,2602983424,10996912128,2618925056,11064025088,50532571,11718374,15414,385,10735616,12926976,20,4,/home/ahmed/pranay/work/aa/eab29f609442d49020ca713cd2182f,-,-,12th Gen Intel(R) Core(TM) i5-12400,269.813396,PICARD_MARKDUPLICATES,intel_i5,rnaseq,intel_i5
94,-,288545,NFCORE_CHIPSEQ:CHIPSEQ:MARK_DUPLICATES_PICARD:BAM_STATS_SAMTOOLS:SAMTOOLS_FLAGSTAT,SPT5_T0_REP2,NFCORE_CHIPSEQ:CHIPSEQ:MARK_DUPLICATES_PICARD:BAM_STATS_SAMTOOLS:SAMTOOLS_FLAGSTAT (SPT5_T0_REP2),COMPLETED,0,-,quay.io/biocontainers/samtools:1.15.1--h1170115_0,2,14400000,-,6442450944,1,1787441927638,1787441927653,1787441928084,446,0,-,121.3,0.0,7442432,164216832,7442432,231464960,9023759,5467,1662,19,0,12288,113,1,/home/ahmed/pranay/work/ec/e29e8ed2cf7bb753f1c21bf3cdeb10,-,-,12th Gen Intel(R) Core(TM) i5-12400,42.573194,SAMTOOLS_FLAGSTAT,intel_i5,rnaseq,intel_i5
93,-,288652,NFCORE_CHIPSEQ:CHIPSEQ:MARK_DUPLICATES_PICARD:BAM_STATS_SAMTOOLS:SAMTOOLS_IDXSTATS,SPT5_T0_REP2,NFCORE_CHIPSEQ:CHIPSEQ:MARK_DUPLICATES_PICARD:BAM_STATS_SAMTOOLS:SAMTOOLS_IDXSTATS (SPT5_T0_REP2),COMPLETED,0,-,quay.io/biocontainers/samtools:1.15.1--h1170115_0,2,14400000,-,6442450944,1,1787441927768,1787441927868,1787441929339,1571,0,-,0.0,0.0,3354624,5648384,3354624,5652480,139658,5281,228,19,0,12288,2,0,/home/ahmed/pranay/work/ac/9078e05ef2c1718facc1bdfd39398a,-,-,12th Gen Intel(R) Core(TM) i5-12400,60.319243,SAMTOOLS_IDXSTATS,intel_i5,rnaseq,intel_i5
90,-,287666,NFCORE_CHIPSEQ:CHIPSEQ:FILTER_BAM_BAMTOOLS:BAM_REMOVE_ORPHANS,SPT5_T15_REP1,NFCORE_CHIPSEQ:CHIPSEQ:FILTER_BAM_BAMTOOLS:BAM_REMOVE_ORPHANS (SPT5_T15_REP1),COMPLETED,0,-,quay.io/biocontainers/mulled-v2-57736af1eb98c01010848572c9fec9fff6ffaafd:402e865b8f6af2f3e58c6fc8d57127ff0144b2c7-0,2,21600000,-,6442450944,1,1787441927106,1787441927205,1787441929451,2345,1000,-,128.6,0.1,27316224,1852973056,27316224,1919299584,14276580,14195674,2159,884,0,14266368,123,6,/home/ahmed/pranay/work/df/8e3299e37e950fc0ae99553fd37cf5,-,-,12th Gen Intel(R) Core(TM) i5-12400,60.319243,BAM_REMOVE_ORPHANS,intel_i5,rnaseq,intel_i5
89,-,287664,NFCORE_CHIPSEQ:CHIPSEQ:FILTER_BAM_BAMTOOLS:BAM_REMOVE_ORPHANS,SPT5_T15_REP2,NFCORE_CHIPSEQ:CHIPSEQ:FILTER_BAM_BAMTOOLS:BAM_REMOVE_ORPHANS (SPT5_T15_REP2),COMPLETED,0,-,quay.io/biocontainers/mulled-v2-57736af1eb98c01010848572c9fec9fff6ffaafd:402e865b8f6af2f3e58c6fc8d57127ff0144b2c7-0,2,21600000,-,6442450944,1,1787441927103,1787441927105,1787441929483,2380,1000,-,127.2,0.1,37257216,1854545920,37257216,1984311296,14270455,14063359,2164,887,0,14147584,213,43,/home/ahmed/pranay/work/82/042d7f655d4d993064880b365fccc2,-,-,12th Gen Intel(R) Core(TM) i5-12400,60.319243,BAM_REMOVE_ORPHANS,intel_i5,rnaseq,intel_i5
92,-,288575,NFCORE_CHIPSEQ:CHIPSEQ:FILTER_BAM_BAMTOOLS:BAM_FILTER,SPT5_T0_REP2,NFCORE_CHIPSEQ:CHIPSEQ:FILTER_BAM_BAMTOOLS:BAM_FILTER (SPT5_T0_REP2),COMPLETED,0,-,quay.io/biocontainers/mulled-v2-0560a8046fc82aa4338588eca29ff18edab2c5aa:5687a7da26983502d0a8a9a6b05ed727c740ddc4-0,2,21600000,-,6442450944,1,1787441927652,1787441927750,1787441929498,1846,1000,-,123.2,0.0,12292096,21110784,12292096,21381120,13549482,8891675,2314,930,0,4390912,4,13,/home/ahmed/pranay/work/01/e4c9f18a4a5632672f7411c4ef9097,-,-,12th Gen Intel(R) Core(TM) i5-12400,60.319243,BAM_FILTER,intel_i5,rnaseq,intel_i5
97,-,289400,NFCORE_CHIPSEQ:CHIPSEQ:MARK_DUPLICATES_PICARD:SAMTOOLS_INDEX,SPT5_INPUT_REP2,NFCORE_CHIPSEQ:CHIPSEQ:MARK_DUPLICATES_PICARD:SAMTOOLS_INDEX (SPT5_INPUT_REP2),COMPLETED,0,-,quay.io/biocontainers/samtools:1.15.1--h1170115_0,2,14400000,-,6442450944,1,1787441929458,1787441929485,1787441929985,527,0,-,100.0,0.0,7331840,164216832,7331840,231464960,11118542,15488,1816,21,0,20480,158,1,/home/ahmed/pranay/work/d6/6475889c517f998a1abc4ee40ab771,-,-,12th Gen Intel(R) Core(TM) i5-12400,19.221569,SAMTOOLS_INDEX,intel_i5,rnaseq,intel_i5
96,-,289337,NFCORE_CHIPSEQ:CHIPSEQ:FILTER_BAM_BAMTOOLS:BAM_SORT_SAMTOOLS:SAMTOOLS_SORT,SPT5_T0_REP1,NFCORE_CHIPSEQ:CHIPSEQ:FILTER_BAM_BAMTOOLS:BAM_SORT_SAMTOOLS:SAMTOOLS_SORT (SPT5_T0_REP1),COMPLETED,0,-,quay.io/biocontainers/samtools:1.15.1--h1170115_0,2,21600000,-,6442450944,1,1787441929346,1787441929439,1787441930036,690,0,-,151.1,0.0,19763200,1852973056,19763200,1852977152,5875528,5038106,931,374,0,5042176,131,11,/home/ahmed/pranay/work/82/2687370600fa19508d6696c48f59cb,-,-,12th Gen Intel(R) Core(TM) i5-12400,19.221569,SAMTOOLS_SORT,intel_i5,rnaseq,intel_i5
98,-,289467,NFCORE_CHIPSEQ:CHIPSEQ:FILTER_BAM_BAMTOOLS:BAM_SORT_SAMTOOLS:SAMTOOLS_SORT,SPT5_T15_REP1,NFCORE_CHIPSEQ:CHIPSEQ:FILTER_BAM_BAMTOOLS:BAM_SORT_SAMTOOLS:SAMTOOLS_SORT (SPT5_T15_REP1),COMPLETED,0,-,quay.io/biocontainers/samtools:1.15.1--h1170115_0,2,21600000,-,6442450944,1,1787441929487,1787441929502,1787441930188,701,0,-,161.8,0.1,27308032,1852973056,27308032,1852977152,7168267,6058207,1079,448,0,6062080,180,19,/home/ahmed/pranay/work/50/5ae807873b0f3e274f45d6531e1b05,-,-,12th Gen Intel(R) Core(TM) i5-12400,19.221569,SAMTOOLS_SORT,intel_i5,rnaseq,intel_i5
99,-,289488,NFCORE_CHIPSEQ:CHIPSEQ:FILTER_BAM_BAMTOOLS:BAM_SORT_SAMTOOLS:SAMTOOLS_SORT,SPT5_T15_REP2,NFCORE_CHIPSEQ:CHIPSEQ:FILTER_BAM_BAMTOOLS:BAM_SORT_SAMTOOLS:SAMTOOLS_SORT (SPT5_T15_REP2),COMPLETED,0,-,quay.io/biocontainers/samtools:1.15.1--h1170115_0,2,21600000,-,6442450944,1,1787441929502,1787441929598,1787441930203,701,1000,-,158.3,0.1,20287488,1852973056,20287488,1852977152,7093705,6084984,1081,449,0,6098944,84,12,/home/ahmed/pranay/work/04/13047eb284740bbadcfd196d8ec67e,-,-,12th Gen Intel(R) Core(TM) i5-12400,19.221569,SAMTOOLS_SORT,intel_i5,rnaseq,intel_i5
104,-,290392,NFCORE_CHIPSEQ:CHIPSEQ:MARK_DUPLICATES_PICARD:BAM_STATS_SAMTOOLS:SAMTOOLS_IDXSTATS,SPT5_INPUT_REP2,NFCORE_CHIPSEQ:CHIPSEQ:MARK_DUPLICATES_PICARD:BAM_STATS_SAMTOOLS:SAMTOOLS_IDXSTATS (SPT5_INPUT_REP2),COMPLETED,0,-,quay.io/biocontainers/samtools:1.15.1--h1170115_0,2,14400000,-,6442450944,1,1787441930038,1787441930136,1787441932998,2960,0,-,80.0,0.0,3432448,5648384,3432448,5652480,138165,5273,228,19,0,12288,2,0,/home/ahmed/pranay/work/38/183084d49abd53ca0eed24cdf117d3,-,-,12th Gen Intel(R) Core(TM) i5-12400,28.666309,SAMTOOLS_IDXSTATS,intel_i5,rnaseq,intel_i5
95,-,289245,NFCORE_CHIPSEQ:CHIPSEQ:FILTER_BAM_BAMTOOLS:BAM_REMOVE_ORPHANS,SPT5_INPUT_REP1,NFCORE_CHIPSEQ:CHIPSEQ:FILTER_BAM_BAMTOOLS:BAM_REMOVE_ORPHANS (SPT5_INPUT_REP1),COMPLETED,0,-,quay.io/biocontainers/mulled-v2-57736af1eb98c01010848572c9fec9fff6ffaafd:402e865b8f6af2f3e58c6fc8d57127ff0144b2c7-0,2,21600000,-,6442450944,1,1787441928089,1787441928184,1787441933101,5012,3000,-,49.3,0.1,30195712,1852973056,30195712,1919299584,19992334,19610355,3095,1357,0,19681280,155,65,/home/ahmed/pranay/work/b5/e1250b70960119e52f2a94664a10f0,-,-,12th Gen Intel(R) Core(TM) i5-12400,65.633927,BAM_REMOVE_ORPHANS,intel_i5,rnaseq,intel_i5
102,-,290486,NFCORE_CHIPSEQ:CHIPSEQ:MARK_DUPLICATES_PICARD:BAM_STATS_SAMTOOLS:SAMTOOLS_FLAGSTAT,SPT5_INPUT_REP2,NFCORE_CHIPSEQ:CHIPSEQ:MARK_DUPLICATES_PICARD:BAM_STATS_SAMTOOLS:SAMTOOLS_FLAGSTAT (SPT5_INPUT_REP2),COMPLETED,0,-,quay.io/biocontainers/samtools:1.15.1--h1170115_0,2,14400000,-,6442450944,1,1787441930190,1787441930206,1787441933223,3033,1000,-,128.6,0.0,7360512,164216832,7360512,164356096,11118662,5458,1816,19,0,12288,115,0,/home/ahmed/pranay/work/6e/060b807e7d0939653e713b4f04482b,-,-,12th Gen Intel(R) Core(TM) i5-12400,28.666309,SAMTOOLS_FLAGSTAT,intel_i5,rnaseq,intel_i5
103,-,290544,NFCORE_CHIPSEQ:CHIPSEQ:MARK_DUPLICATES_PICARD:BAM_STATS_SAMTOOLS:SAMTOOLS_STATS,SPT5_INPUT_REP2,NFCORE_CHIPSEQ:CHIPSEQ:MARK_DUPLICATES_PICARD:BAM_STATS_SAMTOOLS:SAMTOOLS_STATS (SPT5_INPUT_REP2),COMPLETED,0,-,quay.io/biocontainers/samtools:1.15.1--h1170115_0,2,14400000,-,6442450944,1,1787441930205,1787441930303,1787441933316,3111,1000,-,130.3,0.0,7921664,165756928,7921664,232857600,11122752,44099,1817,28,0,49152,2,3,/home/ahmed/pranay/work/74/65720922f346f6cc32d6e0ec93b250,-,-,12th Gen Intel(R) Core(TM) i5-12400,28.666309,SAMTOOLS_STATS,intel_i5,rnaseq,intel_i5
100,-,290296,NFCORE_CHIPSEQ:CHIPSEQ:FILTER_BAM_BAMTOOLS:BAM_REMOVE_ORPHANS,SPT5_T0_REP2,NFCORE_CHIPSEQ:CHIPSEQ:FILTER_BAM_BAMTOOLS:BAM_REMOVE_ORPHANS (SPT5_T0_REP2),COMPLETED,0,-,quay.io/biocontainers/mulled-v2-57736af1eb98c01010848572c9fec9fff6ffaafd:402e865b8f6af2f3e58c6fc8d57127ff0144b2c7-0,2,21600000,-,6442450944,1,1787441930009,1787441930038,1787441933439,3430,3000,-,22.7,0.1,35241984,2083057664,35241984,2083061760,10566067,10110998,1643,626,0,10186752,418,1,/home/ahmed/pranay/work/2f/ea9c5cf0db7acb0b3708418106728a,-,-,12th Gen Intel(R) Core(TM) i5-12400,28.666309,BAM_REMOVE_ORPHANS,intel_i5,rnaseq,intel_i5
113,-,292435,NFCORE_CHIPSEQ:CHIPSEQ:FILTER_BAM_BAMTOOLS:BAM_SORT_SAMTOOLS:SAMTOOLS_INDEX,SPT5_T15_REP2,NFCORE_CHIPSEQ:CHIPSEQ:FILTER_BAM_BAMTOOLS:BAM_SORT_SAMTOOLS:SAMTOOLS_INDEX (SPT5_T15_REP2),COMPLETED,0,-,quay.io/biocontainers/samtools:1.15.1--h1170115_0,2,14400000,-,6442450944,1,1787441933640,1787441933739,1787441935229,1589,0,-,87.8,0.0,7311360,164216832,7311360,231464960,6190466,15709,1081,21,0,20480,362,10,/home/ahmed/pranay/work/1f/eda8c4bfa23fa3cb26cb913cb5a6a9,-,-,12th Gen Intel(R) Core(TM) i5-12400,73.981317,SAMTOOLS_INDEX,intel_i5,rnaseq,intel_i5
101,-,291410,NFCORE_CHIPSEQ:CHIPSEQ:FILTER_BAM_BAMTOOLS:BAM_FILTER,SPT5_INPUT_REP2,NFCORE_CHIPSEQ:CHIPSEQ:FILTER_BAM_BAMTOOLS:BAM_FILTER (SPT5_INPUT_REP2),COMPLETED,0,-,quay.io/biocontainers/mulled-v2-0560a8046fc82aa4338588eca29ff18edab2c5aa:5687a7da26983502d0a8a9a6b05ed727c740ddc4-0,2,21600000,-,6442450944,1,1787441933000,1787441933098,1787441935662,2662,2000,-,87.0,0.0,12328960,21254144,12476416,21319680,20659388,18907055,3236,2081,0,9392128,696,386,/home/ahmed/pranay/work/99/0f27f811f6567247ecf602a2116e24,-,-,12th Gen Intel(R) Core(TM) i5-12400,73.981317,BAM_FILTER,intel_i5,rnaseq,intel_i5
107,-,291511,NFCORE_CHIPSEQ:CHIPSEQ:PHANTOMPEAKQUALTOOLS,SPT5_T0_REP1,NFCORE_CHIPSEQ:CHIPSEQ:PHANTOMPEAKQUALTOOLS (SPT5_T0_REP1),COMPLETED,0,-,quay.io/biocontainers/phantompeakqualtools:1.2.2--0,2,21600000,-,6442450944,1,1787441933102,1787441933201,1787441936512,3410,2000,-,71.8,0.3,109682688,607502336,109682688,607506432,49441931,35606883,9649,8880,24576,7753728,29,196,/home/ahmed/pranay/work/95/748d34ba38977a11b1da7d5256262b,-,-,12th Gen Intel(R) Core(TM) i5-12400,123.734363,PHANTOMPEAKQUALTOOLS,intel_i5,rnaseq,intel_i5
109,-,291877,NFCORE_CHIPSEQ:CHIPSEQ:PHANTOMPEAKQUALTOOLS,SPT5_T15_REP1,NFCORE_CHIPSEQ:CHIPSEQ:PHANTOMPEAKQUALTOOLS (SPT5_T15_REP1),COMPLETED,0,-,quay.io/biocontainers/phantompeakqualtools:1.2.2--0,2,21600000,-,6442450944,1,1787441933318,1787441933416,1787441938247,4929,4000,-,41.2,0.3,116109312,613974016,116109312,631488512,57940747,43085681,11498,10706,0,9273344,3829,958,/home/ahmed/pranay/work/8c/b1d7cf8c68358e884badb6a6b32a8d,-,-,12th Gen Intel(R) Core(TM) i5-12400,240.45061700000002,PHANTOMPEAKQUALTOOLS,intel_i5,rnaseq,intel_i5
114,-,296958,NFCORE_CHIPSEQ:CHIPSEQ:FILTER_BAM_BAMTOOLS:BAM_SORT_SAMTOOLS:SAMTOOLS_SORT,SPT5_INPUT_REP1,NFCORE_CHIPSEQ:CHIPSEQ:FILTER_BAM_BAMTOOLS:BAM_SORT_SAMTOOLS:SAMTOOLS_SORT (SPT5_INPUT_REP1),COMPLETED,0,-,quay.io/biocontainers/samtools:1.15.1--h1170115_0,2,21600000,-,6442450944,1,1787441938249,1787441938348,1787441938987,738,0,-,147.7,0.1,22343680,1852973056,22343680,1917722624,9909840,9227133,1555,686,0,9236480,116,21,/home/ahmed/pranay/work/3c/6e43951aad8d2dd02e29c4ec2e462e,-,-,12th Gen Intel(R) Core(TM) i5-12400,61.332668,SAMTOOLS_SORT,intel_i5,rnaseq,intel_i5
111,-,292719,NFCORE_CHIPSEQ:CHIPSEQ:PHANTOMPEAKQUALTOOLS,SPT5_T15_REP2,NFCORE_CHIPSEQ:CHIPSEQ:PHANTOMPEAKQUALTOOLS (SPT5_T15_REP2),COMPLETED,0,-,quay.io/biocontainers/phantompeakqualtools:1.2.2--0,2,21600000,-,6442450944,1,1787441933878,1787441933976,1787441939112,5234,2000,-,45.1,0.3,116924416,614653952,116924416,614658048,58038579,43156732,11515,10724,0,9363456,54,187,/home/ahmed/pranay/work/73/ce795945cecada3cc7d687c2f50735,-,-,12th Gen Intel(R) Core(TM) i5-12400,254.38142900000003,PHANTOMPEAKQUALTOOLS,intel_i5,rnaseq,intel_i5
106,-,293198,NFCORE_CHIPSEQ:CHIPSEQ:PICARD_COLLECTMULTIPLEMETRICS,SPT5_T0_REP1,NFCORE_CHIPSEQ:CHIPSEQ:PICARD_COLLECTMULTIPLEMETRICS (SPT5_T0_REP1),COMPLETED,0,-,quay.io/biocontainers/picard:2.27.4--hdfd78af_0,2,21600000,-,6442450944,1,1787441935231,1787441935329,1787441942232,7001,3000,-,273.7,1.3,455974912,10382409728,455974912,10386341888,83736091,848926,14722,619,0,1273856,19,3,/home/ahmed/pranay/work/4f/f4400676a9ef64fcd973cf90e12207,-,-,12th Gen Intel(R) Core(TM) i5-12400,305.48286,PICARD_COLLECTMULTIPLEMETRICS,intel_i5,rnaseq,intel_i5
112,-,294239,NFCORE_CHIPSEQ:CHIPSEQ:PICARD_COLLECTMULTIPLEMETRICS,SPT5_T15_REP2,NFCORE_CHIPSEQ:CHIPSEQ:PICARD_COLLECTMULTIPLEMETRICS (SPT5_T15_REP2),COMPLETED,0,-,quay.io/biocontainers/picard:2.27.4--hdfd78af_0,2,21600000,-,6442450944,1,1787441935664,1787441935762,1787441942323,6659,6000,-,178.7,1.3,449425408,10386014208,449425408,10386579456,84789554,852945,14871,619,0,1097728,19,0,/home/ahmed/pranay/work/32/e38ba793886e3a768662965479c55f,-,-,12th Gen Intel(R) Core(TM) i5-12400,305.48286,PICARD_COLLECTMULTIPLEMETRICS,intel_i5,rnaseq,intel_i5
117,-,298244,NFCORE_CHIPSEQ:CHIPSEQ:FILTER_BAM_BAMTOOLS:BAM_SORT_SAMTOOLS:BAM_STATS_SAMTOOLS:SAMTOOLS_IDXSTATS,SPT5_T0_REP1,NFCORE_CHIPSEQ:CHIPSEQ:FILTER_BAM_BAMTOOLS:BAM_SORT_SAMTOOLS:BAM_STATS_SAMTOOLS:SAMTOOLS_IDXSTATS (SPT5_T0_REP1),COMPLETED,0,-,quay.io/biocontainers/samtools:1.15.1--h1170115_0,2,14400000,-,6442450944,1,1787441939594,1787441939653,1787441942468,2874,0,-,92.3,0.0,3325952,5648384,3325952,5652480,126288,5293,227,19,0,12288,2,0,/home/ahmed/pranay/work/45/691fdca828c704a26291c80158a9ae,-,-,12th Gen Intel(R) Core(TM) i5-12400,77.680892,SAMTOOLS_IDXSTATS,intel_i5,rnaseq,intel_i5
118,-,298391,NFCORE_CHIPSEQ:CHIPSEQ:FILTER_BAM_BAMTOOLS:BAM_SORT_SAMTOOLS:BAM_STATS_SAMTOOLS:SAMTOOLS_STATS,SPT5_T0_REP1,NFCORE_CHIPSEQ:CHIPSEQ:FILTER_BAM_BAMTOOLS:BAM_SORT_SAMTOOLS:BAM_STATS_SAMTOOLS:SAMTOOLS_STATS (SPT5_T0_REP1),COMPLETED,0,-,quay.io/biocontainers/samtools:1.15.1--h1170115_0,2,14400000,-,6442450944,1,1787441939651,1787441939749,1787441942617,2966,0,-,111.5,0.0,7913472,165756928,7913472,232857600,5145082,61898,931,32,0,65536,4,2,/home/ahmed/pranay/work/aa/4a3cecfcb82ce22530a781cb271c52,-,-,12th Gen Intel(R) Core(TM) i5-12400,77.680892,SAMTOOLS_STATS,intel_i5,rnaseq,intel_i5
124,-,300197,NFCORE_CHIPSEQ:CHIPSEQ:FILTER_BAM_BAMTOOLS:BAM_SORT_SAMTOOLS:BAM_STATS_SAMTOOLS:SAMTOOLS_IDXSTATS,SPT5_T15_REP2,NFCORE_CHIPSEQ:CHIPSEQ:FILTER_BAM_BAMTOOLS:BAM_SORT_SAMTOOLS:BAM_STATS_SAMTOOLS:SAMTOOLS_IDXSTATS (SPT5_T15_REP2),COMPLETED,0,-,quay.io/biocontainers/samtools:1.15.1--h1170115_0,2,14400000,-,6442450944,1,1787441942680,1787441942779,1787441943072,392,0,-,60.0,0.0,3313664,5648384,3313664,5652480,126833,5294,227,19,0,12288,1,0,/home/ahmed/pranay/work/fe/63a0bce5f2f5698bc655784394f565,-,-,12th Gen Intel(R) Core(TM) i5-12400,39.122337,SAMTOOLS_IDXSTATS,intel_i5,rnaseq,intel_i5
122,-,300103,NFCORE_CHIPSEQ:CHIPSEQ:FILTER_BAM_BAMTOOLS:BAM_SORT_SAMTOOLS:BAM_STATS_SAMTOOLS:SAMTOOLS_FLAGSTAT,SPT5_T15_REP2,NFCORE_CHIPSEQ:CHIPSEQ:FILTER_BAM_BAMTOOLS:BAM_SORT_SAMTOOLS:BAM_STATS_SAMTOOLS:SAMTOOLS_FLAGSTAT (SPT5_T15_REP2),COMPLETED,0,-,quay.io/biocontainers/samtools:1.15.1--h1170115_0,2,14400000,-,6442450944,1,1787441942619,1787441942680,1787441943166,547,0,-,116.1,0.0,7389184,164216832,7389184,231464960,6190586,5485,1081,19,0,12288,180,2,/home/ahmed/pranay/work/e9/b09dec360aa933d619b438f3003ba4,-,-,12th Gen Intel(R) Core(TM) i5-12400,39.122337,SAMTOOLS_FLAGSTAT,intel_i5,rnaseq,intel_i5
123,-,300474,NFCORE_CHIPSEQ:CHIPSEQ:FILTER_BAM_BAMTOOLS:BAM_SORT_SAMTOOLS:BAM_STATS_SAMTOOLS:SAMTOOLS_STATS,SPT5_T15_REP2,NFCORE_CHIPSEQ:CHIPSEQ:FILTER_BAM_BAMTOOLS:BAM_SORT_SAMTOOLS:BAM_STATS_SAMTOOLS:SAMTOOLS_STATS (SPT5_T15_REP2),COMPLETED,0,-,quay.io/biocontainers/samtools:1.15.1--h1170115_0,2,14400000,-,6442450944,1,1787441942803,1787441942900,1787441943378,575,0,-,120.7,0.0,8032256,165756928,8032256,233005056,6191963,63032,1081,33,0,69632,3,11,/home/ahmed/pranay/work/d2/3c89598a7368a496748585a5c0cb91,-,-,12th Gen Intel(R) Core(TM) i5-12400,39.122337,SAMTOOLS_STATS,intel_i5,rnaseq,intel_i5
110,-,295338,NFCORE_CHIPSEQ:CHIPSEQ:PICARD_COLLECTMULTIPLEMETRICS,SPT5_T15_REP1,NFCORE_CHIPSEQ:CHIPSEQ:PICARD_COLLECTMULTIPLEMETRICS (SPT5_T15_REP1),COMPLETED,0,-,quay.io/biocontainers/picard:2.27.4--hdfd78af_0,2,21600000,-,6442450944,1,1787441936515,1787441936617,1787441944707,8192,6000,-,213.7,1.7,579530752,12061315072,579530752,12084035584,84754874,852539,14872,619,0,1617920,24,100,/home/ahmed/pranay/work/14/45610f0c7f5f32cb8ba7473206c52f,-,-,12th Gen Intel(R) Core(TM) i5-12400,327.046343,PICARD_COLLECTMULTIPLEMETRICS,intel_i5,rnaseq,intel_i5
126,-,300966,NFCORE_CHIPSEQ:CHIPSEQ:MULTIQC_CUSTOM_PHANTOMPEAKQUALTOOLS,SPT5_T0_REP1,NFCORE_CHIPSEQ:CHIPSEQ:MULTIQC_CUSTOM_PHANTOMPEAKQUALTOOLS (SPT5_T0_REP1),COMPLETED,0,-,quay.io/biocontainers/r-base:3.5.1,1,14400000,-,6442450944,1,1787441943074,1787441943168,1787441944798,1724,0,-,414.7,0.0,15142912,603148288,15142912,603152384,5801797,12501,578,36,0,36864,14,2,/home/ahmed/pranay/work/13/18be666557ce413e8807aa929648d4,-,-,12th Gen Intel(R) Core(TM) i5-12400,32.194192,MULTIQC_CUSTOM_PHANTOMPEAKQUALTOOLS,intel_i5,rnaseq,intel_i5
128,-,301719,NFCORE_CHIPSEQ:CHIPSEQ:FILTER_BAM_BAMTOOLS:BAM_SORT_SAMTOOLS:SAMTOOLS_INDEX,SPT5_INPUT_REP1,NFCORE_CHIPSEQ:CHIPSEQ:FILTER_BAM_BAMTOOLS:BAM_SORT_SAMTOOLS:SAMTOOLS_INDEX (SPT5_INPUT_REP1),COMPLETED,0,-,quay.io/biocontainers/samtools:1.15.1--h1170115_0,2,14400000,-,6442450944,1,1787441943392,1787441943478,1787441945006,1614,0,-,116.7,0.0,7196672,164216832,7196672,231464960,9332615,15374,1555,21,0,20480,124,1,/home/ahmed/pranay/work/d8/c17ff1e802607a2e28cd25b09c8d72,-,-,12th Gen Intel(R) Core(TM) i5-12400,32.194192,SAMTOOLS_INDEX,intel_i5,rnaseq,intel_i5
125,-,300540,NFCORE_CHIPSEQ:CHIPSEQ:FILTER_BAM_BAMTOOLS:BAM_REMOVE_ORPHANS,SPT5_INPUT_REP2,NFCORE_CHIPSEQ:CHIPSEQ:FILTER_BAM_BAMTOOLS:BAM_REMOVE_ORPHANS (SPT5_INPUT_REP2),COMPLETED,0,-,quay.io/biocontainers/mulled-v2-57736af1eb98c01010848572c9fec9fff6ffaafd:402e865b8f6af2f3e58c6fc8d57127ff0144b2c7-0,2,21600000,-,6442450944,1,1787441942918,1787441943016,1787441945493,2575,2000,-,75.0,0.2,68378624,2086203392,70148096,2086207488,20575207,20211104,3183,1401,0,20287488,876,37,/home/ahmed/pranay/work/ee/193e1ea2065d3e49535745271bf8e8,-,-,12th Gen Intel(R) Core(TM) i5-12400,48.285154000000006,BAM_REMOVE_ORPHANS,intel_i5,rnaseq,intel_i5
127,-,301129,NFCORE_CHIPSEQ:CHIPSEQ:MULTIQC_CUSTOM_PHANTOMPEAKQUALTOOLS,SPT5_T15_REP1,NFCORE_CHIPSEQ:CHIPSEQ:MULTIQC_CUSTOM_PHANTOMPEAKQUALTOOLS (SPT5_T15_REP1),COMPLETED,0,-,quay.io/biocontainers/r-base:3.5.1,1,14400000,-,6442450944,1,1787441943168,1787441943266,1787441945754,2586,0,-,476.9,0.0,15073280,603148288,15073280,603152384,5801811,12531,578,36,0,36864,15,3,/home/ahmed/pranay/work/4b/146a206272e70c4eaf556003ce3e77,-,-,12th Gen Intel(R) Core(TM) i5-12400,48.285154000000006,MULTIQC_CUSTOM_PHANTOMPEAKQUALTOOLS,intel_i5,rnaseq,intel_i5
134,-,303708,NFCORE_CHIPSEQ:CHIPSEQ:FILTER_BAM_BAMTOOLS:BAM_SORT_SAMTOOLS:SAMTOOLS_INDEX,SPT5_T0_REP2,NFCORE_CHIPSEQ:CHIPSEQ:FILTER_BAM_BAMTOOLS:BAM_SORT_SAMTOOLS:SAMTOOLS_INDEX (SPT5_T0_REP2),COMPLETED,0,-,quay.io/biocontainers/samtools:1.15.1--h1170115_0,2,14400000,-,6442450944,1,1787441945756,1787441945854,1787441946086,330,0,-,94.1,0.0,7229440,164216832,7229440,231464960,4454867,16645,819,21,0,20480,103,0,/home/ahmed/pranay/work/f7/de74c37b6a0258ca759bd74d88281e,-,-,12th Gen Intel(R) Core(TM) i5-12400,50.198602,SAMTOOLS_INDEX,intel_i5,rnaseq,intel_i5
131,-,302511,NFCORE_CHIPSEQ:CHIPSEQ:MULTIQC_CUSTOM_PHANTOMPEAKQUALTOOLS,SPT5_T15_REP2,NFCORE_CHIPSEQ:CHIPSEQ:MULTIQC_CUSTOM_PHANTOMPEAKQUALTOOLS (SPT5_T15_REP2),COMPLETED,0,-,quay.io/biocontainers/r-base:3.5.1,1,14400000,-,6442450944,1,1787441945008,1787441945106,1787441946463,1455,0,-,536.4,0.0,13979648,602673152,13979648,602677248,5801808,12533,578,36,0,32768,12,1,/home/ahmed/pranay/work/56/f5849f8f7870c4c70224cf65c3bf24,-,-,12th Gen Intel(R) Core(TM) i5-12400,50.198602,MULTIQC_CUSTOM_PHANTOMPEAKQUALTOOLS,intel_i5,rnaseq,intel_i5
132,-,303400,NFCORE_CHIPSEQ:CHIPSEQ:BEDTOOLS_GENOMECOV,SPT5_T0_REP1,NFCORE_CHIPSEQ:CHIPSEQ:BEDTOOLS_GENOMECOV (SPT5_T0_REP1),COMPLETED,0,-,quay.io/biocontainers/bedtools:2.30.0--hc088bd4_0,2,21600000,-,6442450944,1,1787441945494,1787441945593,1787441948433,2939,1000,-,103.1,0.0,16195584,39346176,16195584,39346176,7040326,3887332,50312,77846,491520,1957888,1035,672,/home/ahmed/pranay/work/88/44505ac0fa6c77180be7aae24321de,-,-,12th Gen Intel(R) Core(TM) i5-12400,160.50142,BEDTOOLS_GENOMECOV,intel_i5,rnaseq,intel_i5
130,-,302003,NFCORE_CHIPSEQ:CHIPSEQ:PHANTOMPEAKQUALTOOLS,SPT5_INPUT_REP1,NFCORE_CHIPSEQ:CHIPSEQ:PHANTOMPEAKQUALTOOLS (SPT5_INPUT_REP1),COMPLETED,0,-,quay.io/biocontainers/phantompeakqualtools:1.2.2--0,2,21600000,-,6442450944,1,1787441944709,1787441944799,1787441949310,4601,4000,-,59.8,0.3,118992896,616509440,118992896,616513536,81381291,63353143,16537,15655,0,13631488,52,70,/home/ahmed/pranay/work/a8/2de13f92384f932c3713584339608f,-,-,12th Gen Intel(R) Core(TM) i5-12400,223.310341,PHANTOMPEAKQUALTOOLS,intel_i5,rnaseq,intel_i5
135,-,304242,NFCORE_CHIPSEQ:CHIPSEQ:PHANTOMPEAKQUALTOOLS,SPT5_T0_REP2,NFCORE_CHIPSEQ:CHIPSEQ:PHANTOMPEAKQUALTOOLS (SPT5_T0_REP2),COMPLETED,0,-,quay.io/biocontainers/phantompeakqualtools:1.2.2--0,2,21600000,-,6442450944,1,1787441946087,1787441946186,1787441949494,3407,2000,-,58.4,0.3,104632320,602357760,104632320,602361856,43249686,30103422,8278,7537,0,6623232,51,15,/home/ahmed/pranay/work/c6/9a73a2494d0655ee3534df4436cc00,-,-,12th Gen Intel(R) Core(TM) i5-12400,157.020777,PHANTOMPEAKQUALTOOLS,intel_i5,rnaseq,intel_i5
129,-,302143,NFCORE_CHIPSEQ:CHIPSEQ:PICARD_COLLECTMULTIPLEMETRICS,SPT5_INPUT_REP1,NFCORE_CHIPSEQ:CHIPSEQ:PICARD_COLLECTMULTIPLEMETRICS (SPT5_INPUT_REP1),COMPLETED,0,-,quay.io/biocontainers/picard:2.27.4--hdfd78af_0,2,21600000,-,6442450944,1,1787441944799,1787441944898,1787441949705,4906,4000,-,349.5,2.1,711729152,10382409728,711729152,10394099712,87875431,810578,15342,609,0,1241088,18,1,/home/ahmed/pranay/work/a3/2f30e23a6d90037c56c45706cdfd99,-,-,12th Gen Intel(R) Core(TM) i5-12400,223.310341,PICARD_COLLECTMULTIPLEMETRICS,intel_i5,rnaseq,intel_i5
140,-,306671,NFCORE_CHIPSEQ:CHIPSEQ:FILTER_BAM_BAMTOOLS:BAM_SORT_SAMTOOLS:BAM_STATS_SAMTOOLS:SAMTOOLS_STATS,SPT5_INPUT_REP1,NFCORE_CHIPSEQ:CHIPSEQ:FILTER_BAM_BAMTOOLS:BAM_SORT_SAMTOOLS:BAM_STATS_SAMTOOLS:SAMTOOLS_STATS (SPT5_INPUT_REP1),COMPLETED,0,-,quay.io/biocontainers/samtools:1.15.1--h1170115_0,2,14400000,-,6442450944,1,1787441949496,1787441949594,1787441950030,534,0,-,130.2,0.0,7811072,165756928,7811072,232857600,9334116,43462,1555,28,0,49152,5,13,/home/ahmed/pranay/work/1d/8f690f9374fb470ec0c9737824f82f,-,-,12th Gen Intel(R) Core(TM) i5-12400,53.215135,SAMTOOLS_STATS,intel_i5,rnaseq,intel_i5
139,-,307015,NFCORE_CHIPSEQ:CHIPSEQ:FILTER_BAM_BAMTOOLS:BAM_SORT_SAMTOOLS:BAM_STATS_SAMTOOLS:SAMTOOLS_FLAGSTAT,SPT5_INPUT_REP1,NFCORE_CHIPSEQ:CHIPSEQ:FILTER_BAM_BAMTOOLS:BAM_SORT_SAMTOOLS:BAM_STATS_SAMTOOLS:SAMTOOLS_FLAGSTAT (SPT5_INPUT_REP1),COMPLETED,0,-,quay.io/biocontainers/samtools:1.15.1--h1170115_0,2,14400000,-,6442450944,1,1787441949707,1787441949805,1787441950111,404,0,-,115.1,0.0,7340032,164216832,7340032,231464960,9332736,5485,1555,19,0,12288,133,0,/home/ahmed/pranay/work/b6/d10f7dafa934025ab85d68f156fb83,-,-,12th Gen Intel(R) Core(TM) i5-12400,53.215135,SAMTOOLS_FLAGSTAT,intel_i5,rnaseq,intel_i5
136,-,305764,NFCORE_CHIPSEQ:CHIPSEQ:BEDTOOLS_GENOMECOV,SPT5_T15_REP1,NFCORE_CHIPSEQ:CHIPSEQ:BEDTOOLS_GENOMECOV (SPT5_T15_REP1),COMPLETED,0,-,quay.io/biocontainers/bedtools:2.30.0--hc088bd4_0,2,21600000,-,6442450944,1,1787441948435,1787441948533,1787441950166,1731,1000,-,108.4,0.0,16310272,39346176,16310272,39346176,8494324,4755110,61043,94705,0,2392064,393,3,/home/ahmed/pranay/work/b9/7208fdb9358bf501dca06d8f6cef20,-,-,12th Gen Intel(R) Core(TM) i5-12400,99.933094,BEDTOOLS_GENOMECOV,intel_i5,rnaseq,intel_i5
137,-,306559,NFCORE_CHIPSEQ:CHIPSEQ:BEDTOOLS_GENOMECOV,SPT5_T15_REP2,NFCORE_CHIPSEQ:CHIPSEQ:BEDTOOLS_GENOMECOV (SPT5_T15_REP2),COMPLETED,0,-,quay.io/biocontainers/bedtools:2.30.0--hc088bd4_0,2,21600000,-,6442450944,1,1787441949312,1787441949410,1787441951029,1717,0,-,108.4,0.0,16257024,39489536,16257024,39489536,8540144,4793196,49368,95781,0,2412544,759,2,/home/ahmed/pranay/work/6f/698593d1b0ff9795786916c6411ac7,-,-,12th Gen Intel(R) Core(TM) i5-12400,102.57621499999999,BEDTOOLS_GENOMECOV,intel_i5,rnaseq,intel_i5
133,-,304473,NFCORE_CHIPSEQ:CHIPSEQ:PICARD_COLLECTMULTIPLEMETRICS,SPT5_T0_REP2,NFCORE_CHIPSEQ:CHIPSEQ:PICARD_COLLECTMULTIPLEMETRICS (SPT5_T0_REP2),COMPLETED,0,-,quay.io/biocontainers/picard:2.27.4--hdfd78af_0,2,21600000,-,6442450944,1,1787441946465,1787441946563,1787441953908,7443,3000,-,364.0,1.6,525012992,12033036288,525012992,12083769344,83057264,856676,14615,620,0,1306624,27,53,/home/ahmed/pranay/work/75/9ec94b3e49987a0ddcb5847b17e108,-,-,12th Gen Intel(R) Core(TM) i5-12400,329.125195,PICARD_COLLECTMULTIPLEMETRICS,intel_i5,rnaseq,intel_i5
143,-,307428,NFCORE_CHIPSEQ:CHIPSEQ:MACS2_CALLPEAK,SPT5_T0_REP1,NFCORE_CHIPSEQ:CHIPSEQ:MACS2_CALLPEAK (SPT5_T0_REP1),COMPLETED,0,-,quay.io/biocontainers/macs2:2.2.7.1--py38h4a8c8d9_3,2,21600000,-,6442450944,1,1787441950113,1787441950168,1787441953923,3810,1000,-,105.5,0.0,10895360,15839232,10895360,15843328,34119210,15212170,4360,183,3522560,15265792,65,44,/home/ahmed/pranay/work/c6/be5843b92484556e4fc3ed76fbc4b1,-,-,12th Gen Intel(R) Core(TM) i5-12400,118.889283,MACS2_CALLPEAK,intel_i5,rnaseq,intel_i5
144,-,307476,NFCORE_CHIPSEQ:CHIPSEQ:MACS2_CALLPEAK,SPT5_T15_REP1,NFCORE_CHIPSEQ:CHIPSEQ:MACS2_CALLPEAK (SPT5_T15_REP1),COMPLETED,0,-,quay.io/biocontainers/macs2:2.2.7.1--py38h4a8c8d9_3,2,21600000,-,6442450944,1,1787441950169,1787441950267,1787441953925,3756,1000,-,113.0,0.0,13262848,18026496,13262848,18292736,35643584,15690575,4609,180,0,15749120,2,48,/home/ahmed/pranay/work/f4/cc9b8cafda2dc798bfdb196a72a79c,-,-,12th Gen Intel(R) Core(TM) i5-12400,118.889283,MACS2_CALLPEAK,intel_i5,rnaseq,intel_i5
148,-,310192,NFCORE_CHIPSEQ:CHIPSEQ:FILTER_BAM_BAMTOOLS:BAM_SORT_SAMTOOLS:BAM_STATS_SAMTOOLS:SAMTOOLS_FLAGSTAT,SPT5_T0_REP2,NFCORE_CHIPSEQ:CHIPSEQ:FILTER_BAM_BAMTOOLS:BAM_SORT_SAMTOOLS:BAM_STATS_SAMTOOLS:SAMTOOLS_FLAGSTAT (SPT5_T0_REP2),COMPLETED,0,-,quay.io/biocontainers/samtools:1.15.1--h1170115_0,2,14400000,-,6442450944,1,1787441953925,1787441954023,1787441954332,407,0,-,115.4,0.0,7311360,164216832,7311360,231464960,4454986,5478,819,19,0,12288,130,6,/home/ahmed/pranay/work/42/4a69d7fd25c1184678696215e2722a,-,-,12th Gen Intel(R) Core(TM) i5-12400,30.753706,SAMTOOLS_FLAGSTAT,intel_i5,rnaseq,intel_i5
146,-,310195,NFCORE_CHIPSEQ:CHIPSEQ:FILTER_BAM_BAMTOOLS:BAM_SORT_SAMTOOLS:BAM_STATS_SAMTOOLS:SAMTOOLS_STATS,SPT5_T0_REP2,NFCORE_CHIPSEQ:CHIPSEQ:FILTER_BAM_BAMTOOLS:BAM_SORT_SAMTOOLS:BAM_STATS_SAMTOOLS:SAMTOOLS_STATS (SPT5_T0_REP2),COMPLETED,0,-,quay.io/biocontainers/samtools:1.15.1--h1170115_0,2,14400000,-,6442450944,1,1787441953927,1787441954023,1787441954382,455,0,-,123.8,0.0,7856128,165756928,7856128,233005056,4456363,66031,819,33,0,69632,3,2,/home/ahmed/pranay/work/f2/7b0372508999594524e1cb7fdb7197,-,-,12th Gen Intel(R) Core(TM) i5-12400,30.753706,SAMTOOLS_STATS,intel_i5,rnaseq,intel_i5
145,-,310163,NFCORE_CHIPSEQ:CHIPSEQ:FILTER_BAM_BAMTOOLS:BAM_SORT_SAMTOOLS:SAMTOOLS_SORT,SPT5_INPUT_REP2,NFCORE_CHIPSEQ:CHIPSEQ:FILTER_BAM_BAMTOOLS:BAM_SORT_SAMTOOLS:SAMTOOLS_SORT (SPT5_INPUT_REP2),COMPLETED,0,-,quay.io/biocontainers/samtools:1.15.1--h1170115_0,2,21600000,-,6442450944,1,1787441953910,1787441953929,1787441954487,577,0,-,172.5,0.1,20324352,1852973056,20324352,1852977152,10211721,9516974,1599,708,0,9531392,88,14,/home/ahmed/pranay/work/84/422464bcdc9d915297527c36c214e7,-,-,12th Gen Intel(R) Core(TM) i5-12400,30.753706,SAMTOOLS_SORT,intel_i5,rnaseq,intel_i5
149,-,310890,NFCORE_CHIPSEQ:CHIPSEQ:UCSC_BEDGRAPHTOBIGWIG,SPT5_T0_REP1,NFCORE_CHIPSEQ:CHIPSEQ:UCSC_BEDGRAPHTOBIGWIG (SPT5_T0_REP1),COMPLETED,0,-,quay.io/biocontainers/ucsc-bedgraphtobigwig:377--h446ed27_1,2,21600000,-,6442450944,1,1787441954384,1787441954482,1787441955839,1455,0,-,92.3,0.0,8478720,35942400,8478720,36012032,5873749,655661,224,147,4096,667648,2,0,/home/ahmed/pranay/work/5b/f0181182e70799e6c7b67a359c780f,-,-,12th Gen Intel(R) Core(TM) i5-12400,49.432673,UCSC_BEDGRAPHTOBIGWIG,intel_i5,rnaseq,intel_i5
150,-,310977,NFCORE_CHIPSEQ:CHIPSEQ:MULTIQC_CUSTOM_PHANTOMPEAKQUALTOOLS,SPT5_INPUT_REP1,NFCORE_CHIPSEQ:CHIPSEQ:MULTIQC_CUSTOM_PHANTOMPEAKQUALTOOLS (SPT5_INPUT_REP1),COMPLETED,0,-,quay.io/biocontainers/r-base:3.5.1,1,14400000,-,6442450944,1,1787441954491,1787441954587,1787441956042,1551,0,-,473.4,0.0,14991360,603148288,14991360,603152384,5801445,12545,578,36,0,36864,11,3,/home/ahmed/pranay/work/81/7ea8eda70aa6291dbf1046a9ea71d9,-,-,12th Gen Intel(R) Core(TM) i5-12400,80.615943,MULTIQC_CUSTOM_PHANTOMPEAKQUALTOOLS,intel_i5,rnaseq,intel_i5
151,-,311353,NFCORE_CHIPSEQ:CHIPSEQ:MULTIQC_CUSTOM_PHANTOMPEAKQUALTOOLS,SPT5_T0_REP2,NFCORE_CHIPSEQ:CHIPSEQ:MULTIQC_CUSTOM_PHANTOMPEAKQUALTOOLS (SPT5_T0_REP2),COMPLETED,0,-,quay.io/biocontainers/r-base:3.5.1,1,14400000,-,6442450944,1,1787441954688,1787441954786,1787441957337,2649,1000,-,597.2,0.0,14958592,603148288,14958592,603152384,5801869,12519,578,36,0,32768,13,1,/home/ahmed/pranay/work/13/2dd1d3e0a40e09ba7577ae64f8a710,-,-,12th Gen Intel(R) Core(TM) i5-12400,113.698683,MULTIQC_CUSTOM_PHANTOMPEAKQUALTOOLS,intel_i5,rnaseq,intel_i5
152,-,311945,NFCORE_CHIPSEQ:CHIPSEQ:BEDTOOLS_GENOMECOV,SPT5_INPUT_REP1,NFCORE_CHIPSEQ:CHIPSEQ:BEDTOOLS_GENOMECOV (SPT5_INPUT_REP1),COMPLETED,0,-,quay.io/biocontainers/bedtools:2.30.0--hc088bd4_0,2,21600000,-,6442450944,1,1787441955841,1787441955940,1787441957589,1748,1000,-,114.8,0.0,11153408,34811904,11153408,34811904,12773502,6975588,93623,138752,0,3502080,478,0,/home/ahmed/pranay/work/19/a92cb2f9235748ef6495c8e7a6c5ce,-,-,12th Gen Intel(R) Core(TM) i5-12400,64.26601,BEDTOOLS_GENOMECOV,intel_i5,rnaseq,intel_i5
157,-,312792,NFCORE_CHIPSEQ:CHIPSEQ:FRIP_SCORE,SPT5_T0_REP1,NFCORE_CHIPSEQ:CHIPSEQ:FRIP_SCORE (SPT5_T0_REP1),COMPLETED,0,-,quay.io/biocontainers/mulled-v2-8186960447c5cb2faa697666dc1e6d919ad23f3e:3127fcae6b6bdaf8181e21a26ae61231030a9fcb-0,2,21600000,-,6442450944,1,1787441957591,1787441957689,1787441958143,552,0,-,113.4,0.0,18780160,32968704,18780160,32985088,17814605,7526200,19129,1043,1888256,16384,55,0,/home/ahmed/pranay/work/27/bbf487404fe279801e8837a77e2eb6,-,-,12th Gen Intel(R) Core(TM) i5-12400,26.328729,FRIP_SCORE,intel_i5,rnaseq,intel_i5
142,-,308423,NFCORE_CHIPSEQ:CHIPSEQ:DEEPTOOLS_PLOTFINGERPRINT,SPT5_T15_REP1,NFCORE_CHIPSEQ:CHIPSEQ:DEEPTOOLS_PLOTFINGERPRINT (SPT5_T15_REP1),COMPLETED,0,-,quay.io/biocontainers/deeptools:3.5.1--py_0,2,21600000,-,6442450944,1,1787441950441,1787441950540,1787441958378,7937,7000,-,100.0,2.7,900386816,1417854976,1219977216,1737871360,49382796,397755,7054,67,5529600,401408,99,339,/home/ahmed/pranay/work/20/82c2f045caa6afa405d6b0f0965d3e,-,-,12th Gen Intel(R) Core(TM) i5-12400,289.67040099999997,DEEPTOOLS_PLOTFINGERPRINT,intel_i5,rnaseq,intel_i5
153,-,312177,NFCORE_CHIPSEQ:CHIPSEQ:UCSC_BEDGRAPHTOBIGWIG,SPT5_T15_REP1,NFCORE_CHIPSEQ:CHIPSEQ:UCSC_BEDGRAPHTOBIGWIG (SPT5_T15_REP1),COMPLETED,0,-,quay.io/biocontainers/ucsc-bedgraphtobigwig:377--h446ed27_1,2,21600000,-,6442450944,1,1787441956044,1787441956142,1787441958622,2578,0,-,83.5,0.0,8404992,35942400,8404992,36012032,7175419,736727,245,164,0,745472,1,1,/home/ahmed/pranay/work/85/c08d13585cacb34ad420ca649f4194,-,-,12th Gen Intel(R) Core(TM) i5-12400,59.411469,UCSC_BEDGRAPHTOBIGWIG,intel_i5,rnaseq,intel_i5
154,-,312471,NFCORE_CHIPSEQ:CHIPSEQ:UCSC_BEDGRAPHTOBIGWIG,SPT5_T15_REP2,NFCORE_CHIPSEQ:CHIPSEQ:UCSC_BEDGRAPHTOBIGWIG (SPT5_T15_REP2),COMPLETED,0,-,quay.io/biocontainers/ucsc-bedgraphtobigwig:377--h446ed27_1,2,21600000,-,6442450944,1,1787441957339,1787441957438,1787441958731,1392,0,-,96.4,0.0,8220672,35942400,8220672,36012032,7232548,750583,245,168,0,765952,1,1,/home/ahmed/pranay/work/b3/686bc53e7d8691b38215cb519156dd,-,-,12th Gen Intel(R) Core(TM) i5-12400,26.328729,UCSC_BEDGRAPHTOBIGWIG,intel_i5,rnaseq,intel_i5
141,-,309364,NFCORE_CHIPSEQ:CHIPSEQ:DEEPTOOLS_PLOTFINGERPRINT,SPT5_T0_REP1,NFCORE_CHIPSEQ:CHIPSEQ:DEEPTOOLS_PLOTFINGERPRINT (SPT5_T0_REP1),COMPLETED,0,-,quay.io/biocontainers/deeptools:3.5.1--py_0,2,21600000,-,6442450944,1,1787441951031,1787441951129,1787441958949,7918,6000,-,100.9,2.8,937725952,1497792512,1219543040,1737871360,51910611,397718,7390,67,0,401408,18,136,/home/ahmed/pranay/work/a1/0467e3cd0592e927ed5ff6b41b80fa,-,-,12th Gen Intel(R) Core(TM) i5-12400,240.309321,DEEPTOOLS_PLOTFINGERPRINT,intel_i5,rnaseq,intel_i5
162,-,313870,NFCORE_CHIPSEQ:CHIPSEQ:FILTER_BAM_BAMTOOLS:BAM_SORT_SAMTOOLS:SAMTOOLS_INDEX,SPT5_INPUT_REP2,NFCORE_CHIPSEQ:CHIPSEQ:FILTER_BAM_BAMTOOLS:BAM_SORT_SAMTOOLS:SAMTOOLS_INDEX (SPT5_INPUT_REP2),COMPLETED,0,-,quay.io/biocontainers/samtools:1.15.1--h1170115_0,2,14400000,-,6442450944,1,1787441958840,1787441958939,1787441959247,407,0,-,107.7,0.0,7266304,164216832,7266304,164356096,9622457,15542,1599,21,0,20480,115,1,/home/ahmed/pranay/work/c7/5277d528e7eac93559858fb5b28680,-,-,12th Gen Intel(R) Core(TM) i5-12400,25.171322,SAMTOOLS_INDEX,intel_i5,rnaseq,intel_i5
159,-,313748,NFCORE_CHIPSEQ:CHIPSEQ:BEDTOOLS_GENOMECOV,SPT5_T0_REP2,NFCORE_CHIPSEQ:CHIPSEQ:BEDTOOLS_GENOMECOV (SPT5_T0_REP2),COMPLETED,0,-,quay.io/biocontainers/bedtools:2.30.0--hc088bd4_0,2,21600000,-,6442450944,1,1787441958733,1787441958832,1787441960353,1620,1000,-,115.1,0.0,15495168,39346176,15495168,39346176,5994545,3173223,44322,63578,0,1601536,474,1,/home/ahmed/pranay/work/3a/895687c5046b3aa84575e87cde208d,-,-,12th Gen Intel(R) Core(TM) i5-12400,75.826955,BEDTOOLS_GENOMECOV,intel_i5,rnaseq,intel_i5
156,-,313631,NFCORE_CHIPSEQ:CHIPSEQ:HOMER_ANNOTATEPEAKS_MACS2,SPT5_T15_REP1,NFCORE_CHIPSEQ:CHIPSEQ:HOMER_ANNOTATEPEAKS_MACS2 (SPT5_T15_REP1),COMPLETED,0,-,quay.io/biocontainers/homer:4.11--pl526hc9558a2_3,2,21600000,-,6442450944,1,1787441958623,1787441958722,1787441962952,4329,3000,-,71.4,0.1,40587264,76599296,40587264,76615680,57912360,6151127,8557,1250,0,6184960,34,4,/home/ahmed/pranay/work/75/11e0d6058251f2b364d6bc128f377e,-,-,12th Gen Intel(R) Core(TM) i5-12400,155.157257,HOMER_ANNOTATEPEAKS_MACS2,intel_i5,rnaseq,intel_i5
155,-,313232,NFCORE_CHIPSEQ:CHIPSEQ:HOMER_ANNOTATEPEAKS_MACS2,SPT5_T0_REP1,NFCORE_CHIPSEQ:CHIPSEQ:HOMER_ANNOTATEPEAKS_MACS2 (SPT5_T0_REP1),COMPLETED,0,-,quay.io/biocontainers/homer:4.11--pl526hc9558a2_3,2,21600000,-,6442450944,1,1787441958379,1787441958478,1787441962962,4583,3000,-,67.3,0.5,152682496,196935680,440602624,484937728,57966417,6198163,8563,1258,479232,6230016,47,5,/home/ahmed/pranay/work/79/9ec930a55747f09f91b118b13c4396,-,-,12th Gen Intel(R) Core(TM) i5-12400,155.157257,HOMER_ANNOTATEPEAKS_MACS2,intel_i5,rnaseq,intel_i5
160,-,314109,NFCORE_CHIPSEQ:CHIPSEQ:PHANTOMPEAKQUALTOOLS,SPT5_INPUT_REP2,NFCORE_CHIPSEQ:CHIPSEQ:PHANTOMPEAKQUALTOOLS (SPT5_INPUT_REP2),COMPLETED,0,-,quay.io/biocontainers/phantompeakqualtools:1.2.2--0,2,21600000,-,6442450944,1,1787441958951,1787441959049,1787441963158,4207,3000,-,52.3,0.4,120029184,617623552,120029184,617627648,83767272,65449349,17057,16166,0,14069760,42,22,/home/ahmed/pranay/work/33/f331dd3225cc48f1f9c128e81967c5,-,-,12th Gen Intel(R) Core(TM) i5-12400,179.982938,PHANTOMPEAKQUALTOOLS,intel_i5,rnaseq,intel_i5
161,-,314524,NFCORE_CHIPSEQ:CHIPSEQ:PICARD_COLLECTMULTIPLEMETRICS,SPT5_INPUT_REP2,NFCORE_CHIPSEQ:CHIPSEQ:PICARD_COLLECTMULTIPLEMETRICS (SPT5_INPUT_REP2),COMPLETED,0,-,quay.io/biocontainers/picard:2.27.4--hdfd78af_0,2,21600000,-,6442450944,1,1787441959249,1787441959348,1787441964218,4969,4000,-,252.0,1.6,567595008,12016963584,572547072,12083224576,88167639,811692,15386,609,0,1077248,27,75,/home/ahmed/pranay/work/6f/64d8b47b876cd98f3686e0b060fad2,-,-,12th Gen Intel(R) Core(TM) i5-12400,239.247191,PICARD_COLLECTMULTIPLEMETRICS,intel_i5,rnaseq,intel_i5
164,-,316799,NFCORE_CHIPSEQ:CHIPSEQ:UCSC_BEDGRAPHTOBIGWIG,SPT5_INPUT_REP1,NFCORE_CHIPSEQ:CHIPSEQ:UCSC_BEDGRAPHTOBIGWIG (SPT5_INPUT_REP1),COMPLETED,0,-,quay.io/biocontainers/ucsc-bedgraphtobigwig:377--h446ed27_1,2,21600000,-,6442450944,1,1787441962954,1787441962978,1787441964534,1580,0,-,75.0,0.0,8343552,35942400,8343552,36012032,10506141,964142,296,215,0,978944,1,3,/home/ahmed/pranay/work/0b/36d9c92abf04eabea1df337e617dba,-,-,12th Gen Intel(R) Core(TM) i5-12400,109.261256,UCSC_BEDGRAPHTOBIGWIG,intel_i5,rnaseq,intel_i5
175,-,318426,NFCORE_CHIPSEQ:CHIPSEQ:MACS2_CALLPEAK,SPT5_T0_REP2,NFCORE_CHIPSEQ:CHIPSEQ:MACS2_CALLPEAK (SPT5_T0_REP2),COMPLETED,0,-,quay.io/biocontainers/macs2:2.2.7.1--py38h4a8c8d9_3,2,21600000,-,6442450944,1,1787441964547,1787441964645,1787441966055,1508,1000,-,113.6,0.0,12066816,16957440,12066816,16961536,33802260,15233060,4261,175,0,15286272,1,2,/home/ahmed/pranay/work/5f/69f9d5bc0f5d08532acc1869e21f92,-,-,12th Gen Intel(R) Core(TM) i5-12400,135.68269700000002,MACS2_CALLPEAK,intel_i5,rnaseq,intel_i5
174,-,319176,NFCORE_CHIPSEQ:CHIPSEQ:MACS2_CALLPEAK,SPT5_T15_REP2,NFCORE_CHIPSEQ:CHIPSEQ:MACS2_CALLPEAK (SPT5_T15_REP2),COMPLETED,0,-,quay.io/biocontainers/macs2:2.2.7.1--py38h4a8c8d9_3,2,21600000,-,6442450944,1,1787441964886,1787441964982,1787441968848,3962,3000,-,41.3,0.2,66469888,1620402176,66469888,1633349632,36514980,16296475,4685,187,0,16351232,14,59,/home/ahmed/pranay/work/0e/4dbf4837e0e5ea5fd2d4d9df6ac6f5,-,-,12th Gen Intel(R) Core(TM) i5-12400,267.960007,MACS2_CALLPEAK,intel_i5,rnaseq,intel_i5
169,-,320512,NFCORE_CHIPSEQ:CHIPSEQ:FILTER_BAM_BAMTOOLS:BAM_SORT_SAMTOOLS:BAM_STATS_SAMTOOLS:SAMTOOLS_STATS,SPT5_INPUT_REP2,NFCORE_CHIPSEQ:CHIPSEQ:FILTER_BAM_BAMTOOLS:BAM_SORT_SAMTOOLS:BAM_STATS_SAMTOOLS:SAMTOOLS_STATS (SPT5_INPUT_REP2),COMPLETED,0,-,quay.io/biocontainers/samtools:1.15.1--h1170115_0,2,14400000,-,6442450944,1,1787441966060,1787441966155,1787441969085,3025,0,-,123.5,0.0,7843840,165756928,7843840,232857600,9623959,43547,1599,28,0,49152,4,1,/home/ahmed/pranay/work/fd/a879feeb1eb46b958c5c1f05deb00c,-,-,12th Gen Intel(R) Core(TM) i5-12400,199.690407,SAMTOOLS_STATS,intel_i5,rnaseq,intel_i5
170,-,321744,NFCORE_CHIPSEQ:CHIPSEQ:FILTER_BAM_BAMTOOLS:BAM_SORT_SAMTOOLS:BAM_STATS_SAMTOOLS:SAMTOOLS_FLAGSTAT,SPT5_INPUT_REP2,NFCORE_CHIPSEQ:CHIPSEQ:FILTER_BAM_BAMTOOLS:BAM_SORT_SAMTOOLS:BAM_STATS_SAMTOOLS:SAMTOOLS_FLAGSTAT (SPT5_INPUT_REP2),COMPLETED,0,-,quay.io/biocontainers/samtools:1.15.1--h1170115_0,2,14400000,-,6442450944,1,1787441968850,1787441968948,1787441969311,461,0,-,96.4,0.0,7327744,164216832,7327744,231464960,9622578,5484,1599,19,0,12288,185,21,/home/ahmed/pranay/work/7b/be8f2ed7489136c73c7a368a7e725d,-,-,12th Gen Intel(R) Core(TM) i5-12400,67.413097,SAMTOOLS_FLAGSTAT,intel_i5,rnaseq,intel_i5
172,-,322259,NFCORE_CHIPSEQ:CHIPSEQ:DEEPTOOLS_PLOTFINGERPRINT,SPT5_T15_REP2,NFCORE_CHIPSEQ:CHIPSEQ:DEEPTOOLS_PLOTFINGERPRINT (SPT5_T15_REP2),COMPLETED,0,-,quay.io/biocontainers/deeptools:3.5.1--py_0,2,21600000,-,6442450944,1,1787441969313,1787441969411,1787441977117,7804,6000,-,100.7,3.6,1199984640,1737797632,1220288512,1737867264,49184935,397867,7026,67,0,401408,23,207,/home/ahmed/pranay/work/4a/e5df32be15648177afe6021b3135e7,-,-,12th Gen Intel(R) Core(TM) i5-12400,540.9895200000001,DEEPTOOLS_PLOTFINGERPRINT,intel_i5,rnaseq,intel_i5
173,-,322021,NFCORE_CHIPSEQ:CHIPSEQ:DEEPTOOLS_PLOTFINGERPRINT,SPT5_T0_REP2,NFCORE_CHIPSEQ:CHIPSEQ:DEEPTOOLS_PLOTFINGERPRINT (SPT5_T0_REP2),COMPLETED,0,-,quay.io/biocontainers/deeptools:3.5.1--py_0,2,21600000,-,6442450944,1,1787441969088,1787441969185,1787441978067,8979,7000,-,100.7,2.7,900349952,1417854976,1220116480,1737871360,50071647,397683,7108,67,0,401408,18,46,/home/ahmed/pranay/work/e4/a3422557ce70eb409e1dca9cb2e8b0,-,-,12th Gen Intel(R) Core(TM) i5-12400,540.9895200000001,DEEPTOOLS_PLOTFINGERPRINT,intel_i5,rnaseq,intel_i5
176,-,324662,NFCORE_CHIPSEQ:CHIPSEQ:UCSC_BEDGRAPHTOBIGWIG,SPT5_T0_REP2,NFCORE_CHIPSEQ:CHIPSEQ:UCSC_BEDGRAPHTOBIGWIG (SPT5_T0_REP2),COMPLETED,0,-,quay.io/biocontainers/ucsc-bedgraphtobigwig:377--h446ed27_1,2,21600000,-,6442450944,1,1787441977119,1787441977217,1787441978495,1376,0,-,92.3,0.0,8495104,35946496,8495104,36012032,4802588,552625,209,127,0,561152,1,4,/home/ahmed/pranay/work/91/64dc7a1b76a01441ef9633c32d8ea3,-,-,12th Gen Intel(R) Core(TM) i5-12400,66.216933,UCSC_BEDGRAPHTOBIGWIG,intel_i5,rnaseq,intel_i5
177,-,324979,NFCORE_CHIPSEQ:CHIPSEQ:MULTIQC_CUSTOM_PHANTOMPEAKQUALTOOLS,SPT5_INPUT_REP2,NFCORE_CHIPSEQ:CHIPSEQ:MULTIQC_CUSTOM_PHANTOMPEAKQUALTOOLS (SPT5_INPUT_REP2),COMPLETED,0,-,quay.io/biocontainers/r-base:3.5.1,1,14400000,-,6442450944,1,1787441978069,1787441978167,1787441979535,1466,0,-,373.0,0.0,17596416,605089792,17596416,605093888,5801363,12562,578,36,0,32768,13,4,/home/ahmed/pranay/work/a3/ad210ada7d94c81c356038c5a9c49d,-,-,12th Gen Intel(R) Core(TM) i5-12400,66.847485,MULTIQC_CUSTOM_PHANTOMPEAKQUALTOOLS,intel_i5,rnaseq,intel_i5
180,-,325712,NFCORE_CHIPSEQ:CHIPSEQ:FRIP_SCORE,SPT5_T0_REP2,NFCORE_CHIPSEQ:CHIPSEQ:FRIP_SCORE (SPT5_T0_REP2),COMPLETED,0,-,quay.io/biocontainers/mulled-v2-8186960447c5cb2faa697666dc1e6d919ad23f3e:3127fcae6b6bdaf8181e21a26ae61231030a9fcb-0,2,21600000,-,6442450944,1,1787441979536,1787441979635,1787441980224,688,1000,-,109.8,0.0,18616320,32837632,18616320,32845824,15181918,6288253,16054,875,0,16384,57,42,/home/ahmed/pranay/work/7f/563e426d8c5e1594b1a684291bfcb2,-,-,12th Gen Intel(R) Core(TM) i5-12400,70.127628,FRIP_SCORE,intel_i5,rnaseq,intel_i5
179,-,326121,NFCORE_CHIPSEQ:CHIPSEQ:HOMER_ANNOTATEPEAKS_MACS2,SPT5_T0_REP2,NFCORE_CHIPSEQ:CHIPSEQ:HOMER_ANNOTATEPEAKS_MACS2 (SPT5_T0_REP2),COMPLETED,0,-,quay.io/biocontainers/homer:4.11--pl526hc9558a2_3,2,21600000,-,6442450944,1,1787441980226,1787441980324,1787441984935,4709,3000,-,99.6,1.0,333725696,379211776,333725696,379215872,57825506,6078718,8545,1240,0,6119424,34,40,/home/ahmed/pranay/work/fc/19a84dc1dfec4b5f88749974ac70b0,-,-,12th Gen Intel(R) Core(TM) i5-12400,281.450757,HOMER_ANNOTATEPEAKS_MACS2,intel_i5,rnaseq,intel_i5
182,-,327555,NFCORE_CHIPSEQ:CHIPSEQ:FRIP_SCORE,SPT5_T15_REP2,NFCORE_CHIPSEQ:CHIPSEQ:FRIP_SCORE (SPT5_T15_REP2),COMPLETED,0,-,quay.io/biocontainers/mulled-v2-8186960447c5cb2faa697666dc1e6d919ad23f3e:3127fcae6b6bdaf8181e21a26ae61231030a9fcb-0,2,21600000,-,6442450944,1,1787441984937,1787441985035,1787441985645,708,0,-,121.4,0.0,18833408,32972800,18833408,32980992,21485183,9095766,22988,1255,0,16384,47,68,/home/ahmed/pranay/work/0e/b79c22e198aa171d8bb77f0221b140,-,-,12th Gen Intel(R) Core(TM) i5-12400,69.872257,FRIP_SCORE,intel_i5,rnaseq,intel_i5
183,-,327879,NFCORE_CHIPSEQ:CHIPSEQ:PLOT_MACS2_QC,-,NFCORE_CHIPSEQ:CHIPSEQ:PLOT_MACS2_QC,COMPLETED,0,-,quay.io/biocontainers/mulled-v2-ad9dd5f398966bf899ae05f8e7c54d0fb10cdfa7:05678da05b8e5a7a5130e90a9f9a6c585b965afa-0,2,21600000,-,6442450944,1,1787441985647,1787441985745,1787441989703,4056,2000,-,205.8,0.5,153915392,1991577600,153915392,1991581696,14656254,434110,1802,129,2904064,450560,57,59,/home/ahmed/pranay/work/73/a5140b254d9b5dd84bbb5040aaf971,-,-,12th Gen Intel(R) Core(TM) i5-12400,280.19471799999997,PLOT_MACS2_QC,intel_i5,rnaseq,intel_i5
184,-,328955,NFCORE_CHIPSEQ:CHIPSEQ:MACS2_CONSENSUS,SPT5,NFCORE_CHIPSEQ:CHIPSEQ:MACS2_CONSENSUS (SPT5),COMPLETED,0,-,quay.io/biocontainers/mulled-v2-2f48cc59b03027e31ead6d383fe1b8057785dd24:5d182f583f4696f4c4d9f3be93052811b383341f-0,1,21600000,-,6442450944,1,1787441989705,1787441989803,1787441991154,1449,2000,-,122.3,0.4,123801600,1781305344,123801600,1781309440,13221075,852554,2423,3112,24576000,655360,197,29,/home/ahmed/pranay/work/37/9ae858e27dd102b122ecf0bb67ff51,-,-,12th Gen Intel(R) Core(TM) i5-12400,140.9502,MACS2_CONSENSUS,intel_i5,rnaseq,intel_i5
181,-,329325,NFCORE_CHIPSEQ:CHIPSEQ:HOMER_ANNOTATEPEAKS_MACS2,SPT5_T15_REP2,NFCORE_CHIPSEQ:CHIPSEQ:HOMER_ANNOTATEPEAKS_MACS2 (SPT5_T15_REP2),COMPLETED,0,-,quay.io/biocontainers/homer:4.11--pl526hc9558a2_3,2,21600000,-,6442450944,1,1787441991156,1787441991254,1787441995894,4738,3000,-,99.5,1.0,327315456,372957184,327315456,372961280,58027809,6247897,8574,1264,0,6287360,34,22,/home/ahmed/pranay/work/f9/befd8d76146fd969c0ab394dac5479,-,-,12th Gen Intel(R) Core(TM) i5-12400,282.08369,HOMER_ANNOTATEPEAKS_MACS2,intel_i5,rnaseq,intel_i5
185,-,330337,NFCORE_CHIPSEQ:CHIPSEQ:BEDTOOLS_GENOMECOV,SPT5_INPUT_REP2,NFCORE_CHIPSEQ:CHIPSEQ:BEDTOOLS_GENOMECOV (SPT5_INPUT_REP2),COMPLETED,0,-,quay.io/biocontainers/bedtools:2.30.0--hc088bd4_0,2,21600000,-,6442450944,1,1787441995896,1787441995994,1787441998098,2202,0,-,112.9,0.0,3039232,11587584,3039232,11587584,13155630,7160156,95727,144594,0,3592192,4,0,/home/ahmed/pranay/work/37/d5b59228595b28c6335058bb280b2c,-,-,12th Gen Intel(R) Core(TM) i5-12400,140.295051,BEDTOOLS_GENOMECOV,intel_i5,rnaseq,intel_i5
163,-,315733,NFCORE_CHIPSEQ:CHIPSEQ:DEEPTOOLS_COMPUTEMATRIX,SPT5_T0_REP1,NFCORE_CHIPSEQ:CHIPSEQ:DEEPTOOLS_COMPUTEMATRIX (SPT5_T0_REP1),COMPLETED,0,-,quay.io/biocontainers/deeptools:3.5.1--py_0,2,21600000,-,6442450944,1,1787441960354,1787441960453,1787442014030,53676,51000,-,185.4,0.5,189022208,596353024,230825984,638963712,237501005,65561233,47336,7199,401408,24985600,588,1160,/home/ahmed/pranay/work/34/4b4760826aa1623820c083831dde69,-,-,12th Gen Intel(R) Core(TM) i5-12400,3584.5339750000003,DEEPTOOLS_COMPUTEMATRIX,intel_i5,rnaseq,intel_i5
166,-,317028,NFCORE_CHIPSEQ:CHIPSEQ:DEEPTOOLS_COMPUTEMATRIX,SPT5_T15_REP1,NFCORE_CHIPSEQ:CHIPSEQ:DEEPTOOLS_COMPUTEMATRIX (SPT5_T15_REP1),COMPLETED,0,-,quay.io/biocontainers/deeptools:3.5.1--py_0,2,21600000,-,6442450944,1,1787441963162,1787441963258,1787442015433,52271,50000,-,188.3,0.5,194408448,595853312,229376000,638296064,234687907,66714742,46649,7204,0,26140672,574,1138,/home/ahmed/pranay/work/90/2e9ca2e4fa5c0e7c35f40d4f0481a5,-,-,12th Gen Intel(R) Core(TM) i5-12400,3587.0536220000004,DEEPTOOLS_COMPUTEMATRIX,intel_i5,rnaseq,intel_i5
187,-,333393,NFCORE_CHIPSEQ:CHIPSEQ:MULTIQC_CUSTOM_PEAKS,SPT5_T0_REP2,NFCORE_CHIPSEQ:CHIPSEQ:MULTIQC_CUSTOM_PEAKS (SPT5_T0_REP2),COMPLETED,0,-,ubuntu:20.04,1,14400000,-,6442450944,1,1787442014032,1787442014130,1787442015666,1634,6,-,120.0,0.0,3100672,4087808,3100672,4096000,198740,46589,320,24,0,16384,5,0,/home/ahmed/pranay/work/43/675e3ea9de31bd8190d0bc34f8ee0d,-,-,12th Gen Intel(R) Core(TM) i5-12400,131.846952,MULTIQC_CUSTOM_PEAKS,intel_i5,rnaseq,intel_i5
190,-,334063,NFCORE_CHIPSEQ:CHIPSEQ:SUBREAD_FEATURECOUNTS,SPT5,NFCORE_CHIPSEQ:CHIPSEQ:SUBREAD_FEATURECOUNTS (SPT5),COMPLETED,0,-,quay.io/biocontainers/subread:2.0.1--hed695b0_0,2,21600000,-,6442450944,1,1787442015668,1787442015766,1787442017453,1785,1000,-,98.1,0.1,23609344,220950528,23609344,288063488,22018271,76063,3269,109,0,81920,2,1,/home/ahmed/pranay/work/8a/a11cdf2e6118ea9d89f0c4bde677d1,-,-,12th Gen Intel(R) Core(TM) i5-12400,123.661,SUBREAD_FEATURECOUNTS,intel_i5,rnaseq,intel_i5
189,-,334285,NFCORE_CHIPSEQ:CHIPSEQ:HOMER_ANNOTATEPEAKS_CONSENSUS,SPT5,NFCORE_CHIPSEQ:CHIPSEQ:HOMER_ANNOTATEPEAKS_CONSENSUS (SPT5),COMPLETED,0,-,quay.io/biocontainers/homer:4.11--pl526hc9558a2_3,2,21600000,-,6442450944,1,1787442015853,1787442015951,1787442019357,3504,2000,-,100.1,1.0,326144000,371236864,326144000,371249152,58092322,6367826,8584,1286,0,6402048,38,8,/home/ahmed/pranay/work/5c/01379ca2e0a021bffe49d8296f675a,-,-,12th Gen Intel(R) Core(TM) i5-12400,247.820472,HOMER_ANNOTATEPEAKS_CONSENSUS,intel_i5,rnaseq,intel_i5
191,-,334688,NFCORE_CHIPSEQ:CHIPSEQ:PLOT_HOMER_ANNOTATEPEAKS,-,NFCORE_CHIPSEQ:CHIPSEQ:PLOT_HOMER_ANNOTATEPEAKS,COMPLETED,0,-,quay.io/biocontainers/mulled-v2-ad9dd5f398966bf899ae05f8e7c54d0fb10cdfa7:05678da05b8e5a7a5130e90a9f9a6c585b965afa-0,2,21600000,-,6442450944,1,1787442017455,1787442017553,1787442021927,4472,1000,-,196.9,0.1,19730432,1678901248,19730432,1678905344,14936041,163272,1906,82,1331200,184320,10,5,/home/ahmed/pranay/work/60/0f5d84414a1566a68a8ce4cccb07b7,-,-,12th Gen Intel(R) Core(TM) i5-12400,223.53513299999997,PLOT_HOMER_ANNOTATEPEAKS,intel_i5,rnaseq,intel_i5
167,-,317679,NFCORE_CHIPSEQ:CHIPSEQ:DEEPTOOLS_COMPUTEMATRIX,SPT5_T15_REP2,NFCORE_CHIPSEQ:CHIPSEQ:DEEPTOOLS_COMPUTEMATRIX (SPT5_T15_REP2),COMPLETED,0,-,quay.io/biocontainers/deeptools:3.5.1--py_0,2,21600000,-,6442450944,1,1787441963498,1787441963596,1787442021941,58443,56000,-,191.9,0.5,183414784,594788352,216227840,633835520,235780772,66553955,46914,7205,0,26013696,497,884,/home/ahmed/pranay/work/1d/3d379ec4d360ba3f0b4ce59fed404e,-,-,12th Gen Intel(R) Core(TM) i5-12400,3934.2497550000003,DEEPTOOLS_COMPUTEMATRIX,intel_i5,rnaseq,intel_i5
192,-,335422,NFCORE_CHIPSEQ:CHIPSEQ:UCSC_BEDGRAPHTOBIGWIG,SPT5_INPUT_REP2,NFCORE_CHIPSEQ:CHIPSEQ:UCSC_BEDGRAPHTOBIGWIG (SPT5_INPUT_REP2),COMPLETED,0,-,quay.io/biocontainers/ucsc-bedgraphtobigwig:377--h446ed27_1,2,21600000,-,6442450944,1,1787442019359,1787442019457,1787442023275,3916,1000,-,80.7,0.0,8249344,35942400,8249344,36012032,10783000,968152,299,217,0,983040,1,3,/home/ahmed/pranay/work/a3/fc5ee4140f583a903090bd9cbf89e9,-,-,12th Gen Intel(R) Core(TM) i5-12400,213.156193,UCSC_BEDGRAPHTOBIGWIG,intel_i5,rnaseq,intel_i5
194,-,335571,NFCORE_CHIPSEQ:CHIPSEQ:DEEPTOOLS_PLOTPROFILE,SPT5_T0_REP1,NFCORE_CHIPSEQ:CHIPSEQ:DEEPTOOLS_PLOTPROFILE (SPT5_T0_REP1),COMPLETED,0,-,quay.io/biocontainers/deeptools:3.5.1--py_0,2,14400000,-,6442450944,1,1787442021928,1787442021943,1787442024409,2481,1000,-,99.3,0.2,58863616,144531456,58863616,144535552,21950376,407072,3157,42,0,417792,8,3,/home/ahmed/pranay/work/2d/4704e2ecc8c408a062fb3dc35573b7,-,-,12th Gen Intel(R) Core(TM) i5-12400,177.62527799999998,DEEPTOOLS_PLOTPROFILE,intel_i5,rnaseq,intel_i5
195,-,336244,NFCORE_CHIPSEQ:CHIPSEQ:DEEPTOOLS_PLOTPROFILE,SPT5_T15_REP1,NFCORE_CHIPSEQ:CHIPSEQ:DEEPTOOLS_PLOTPROFILE (SPT5_T15_REP1),COMPLETED,0,-,quay.io/biocontainers/deeptools:3.5.1--py_0,2,14400000,-,6442450944,1,1787442023277,1787442023375,1787442025638,2361,1000,-,99.5,0.2,60002304,150233088,60002304,150237184,22308975,407046,3245,42,0,417792,8,2,/home/ahmed/pranay/work/bc/336cb42d20b0727dd32cabece92288,-,-,12th Gen Intel(R) Core(TM) i5-12400,127.537698,DEEPTOOLS_PLOTPROFILE,intel_i5,rnaseq,intel_i5
193,-,335644,NFCORE_CHIPSEQ:CHIPSEQ:DEEPTOOLS_PLOTHEATMAP,SPT5_T0_REP1,NFCORE_CHIPSEQ:CHIPSEQ:DEEPTOOLS_PLOTHEATMAP (SPT5_T0_REP1),COMPLETED,0,-,quay.io/biocontainers/deeptools:3.5.1--py_0,2,14400000,-,6442450944,1,1787442021942,1787442022041,1787442027878,5936,4000,-,99.8,0.8,262967296,493797376,294326272,493801472,26127735,1629908,4164,86,0,1667072,4,23,/home/ahmed/pranay/work/a4/7d58cc60e7959948847550c9228b20,-,-,12th Gen Intel(R) Core(TM) i5-12400,368.27048099999996,DEEPTOOLS_PLOTHEATMAP,intel_i5,rnaseq,intel_i5
198,-,337756,NFCORE_CHIPSEQ:CHIPSEQ:ANNOTATE_BOOLEAN_PEAKS,SPT5,NFCORE_CHIPSEQ:CHIPSEQ:ANNOTATE_BOOLEAN_PEAKS (SPT5),COMPLETED,0,-,ubuntu:20.04,2,14400000,-,6442450944,1,1787442027880,1787442027978,1787442028237,357,10,-,75.0,0.0,3100672,4087808,3100672,4096000,1362444,1198390,625,313,0,602112,3,0,/home/ahmed/pranay/work/1c/3c2ce5732cf152e5f17af6129691ac,-,-,12th Gen Intel(R) Core(TM) i5-12400,63.475972,ANNOTATE_BOOLEAN_PEAKS,intel_i5,rnaseq,intel_i5
196,-,336714,NFCORE_CHIPSEQ:CHIPSEQ:DEEPTOOLS_PLOTHEATMAP,SPT5_T15_REP1,NFCORE_CHIPSEQ:CHIPSEQ:DEEPTOOLS_PLOTHEATMAP (SPT5_T15_REP1),COMPLETED,0,-,quay.io/biocontainers/deeptools:3.5.1--py_0,2,14400000,-,6442450944,1,1787442024411,1787442024509,1787442030335,5924,5000,-,99.9,0.8,264073216,463417344,289652736,489398272,26572351,1890180,4273,94,0,1929216,4,12,/home/ahmed/pranay/work/ab/5eff3a646064bf61ce0b85d933b352,-,-,12th Gen Intel(R) Core(TM) i5-12400,366.28214299999996,DEEPTOOLS_PLOTHEATMAP,intel_i5,rnaseq,intel_i5
199,-,338058,NFCORE_CHIPSEQ:CHIPSEQ:DEEPTOOLS_PLOTPROFILE,SPT5_T15_REP2,NFCORE_CHIPSEQ:CHIPSEQ:DEEPTOOLS_PLOTPROFILE (SPT5_T15_REP2),COMPLETED,0,-,quay.io/biocontainers/deeptools:3.5.1--py_0,2,14400000,-,6442450944,1,1787442028238,1787442028337,1787442031672,3434,1000,-,100.0,0.1,40333312,123047936,40333312,123052032,22171932,407148,3209,42,0,417792,8,1,/home/ahmed/pranay/work/74/9fd9a57bf504c4fd23da6a97e9c190,-,-,12th Gen Intel(R) Core(TM) i5-12400,159.897968,DEEPTOOLS_PLOTPROFILE,intel_i5,rnaseq,intel_i5
197,-,337164,NFCORE_CHIPSEQ:CHIPSEQ:DESEQ2_QC,SPT5,NFCORE_CHIPSEQ:CHIPSEQ:DESEQ2_QC (SPT5),COMPLETED,0,-,quay.io/biocontainers/mulled-v2-8849acf39a43cdd6c839a369a74c0adc823e2f91:ab110436faf952a33575c64dd74615a84011450b-0,2,21600000,-,6442450944,1,1787442025640,1787442025738,1787442035239,9599,9000,-,110.6,2.1,719155200,2398687232,719155200,2398695424,71803063,150328,5658,289,0,225280,30,227,/home/ahmed/pranay/work/d3/1b412a8478083171da9c81a41990ce,-,-,12th Gen Intel(R) Core(TM) i5-12400,597.826045,DESEQ2_QC,intel_i5,rnaseq,intel_i5
202,-,340250,NFCORE_CHIPSEQ:CHIPSEQ:IGV,-,NFCORE_CHIPSEQ:CHIPSEQ:IGV,COMPLETED,0,-,quay.io/biocontainers/python:3.8.3,1,14400000,-,6442450944,1,1787442035241,1787442035339,1787442036676,1435,0,-,56.5,0.0,3043328,11583488,3043328,11587584,713953,8422,368,34,3182592,40960,1,0,/home/ahmed/pranay/work/54/302df2c44910535ad57c2ca5faede2,-,-,12th Gen Intel(R) Core(TM) i5-12400,64.046772,IGV,intel_i5,rnaseq,intel_i5
200,-,338855,NFCORE_CHIPSEQ:CHIPSEQ:DEEPTOOLS_PLOTHEATMAP,SPT5_T15_REP2,NFCORE_CHIPSEQ:CHIPSEQ:DEEPTOOLS_PLOTHEATMAP (SPT5_T15_REP2),COMPLETED,0,-,quay.io/biocontainers/deeptools:3.5.1--py_0,2,14400000,-,6442450944,1,1787442030336,1787442030435,1787442037436,7100,5000,-,99.8,0.8,261550080,460980224,299487232,499228672,26037995,1857796,4140,92,0,1884160,4,10,/home/ahmed/pranay/work/68/bb5e1d88fc3203890e4a10ca084cce,-,-,12th Gen Intel(R) Core(TM) i5-12400,413.881936,DEEPTOOLS_PLOTHEATMAP,intel_i5,rnaseq,intel_i5
178,-,325299,NFCORE_CHIPSEQ:CHIPSEQ:DEEPTOOLS_COMPUTEMATRIX,SPT5_INPUT_REP1,NFCORE_CHIPSEQ:CHIPSEQ:DEEPTOOLS_COMPUTEMATRIX (SPT5_INPUT_REP1),COMPLETED,0,-,quay.io/biocontainers/deeptools:3.5.1--py_0,2,21600000,-,6442450944,1,1787441978497,1787441978595,1787442037600,59103,58000,-,185.7,0.5,187473920,594759680,225042432,691580928,236985635,68516645,47210,7203,0,27947008,541,2874,/home/ahmed/pranay/work/74/08e21786d058f2036bfd688882409f,-,-,12th Gen Intel(R) Core(TM) i5-12400,3890.195302,DEEPTOOLS_COMPUTEMATRIX,intel_i5,rnaseq,intel_i5
205,-,341127,NFCORE_CHIPSEQ:CHIPSEQ:DEEPTOOLS_PLOTPROFILE,SPT5_INPUT_REP1,NFCORE_CHIPSEQ:CHIPSEQ:DEEPTOOLS_PLOTPROFILE (SPT5_INPUT_REP1),COMPLETED,0,-,quay.io/biocontainers/deeptools:3.5.1--py_0,2,14400000,-,6442450944,1,1787442037605,1787442037700,1787442042554,4949,2000,-,99.4,0.1,44232704,127184896,44232704,127188992,22892564,407463,3378,42,0,421888,8,3,/home/ahmed/pranay/work/3c/12bde778728ff295752c324cfd1185,-,-,12th Gen Intel(R) Core(TM) i5-12400,267.10997299999997,DEEPTOOLS_PLOTPROFILE,intel_i5,rnaseq,intel_i5
204,-,341126,NFCORE_CHIPSEQ:CHIPSEQ:DEEPTOOLS_PLOTHEATMAP,SPT5_INPUT_REP1,NFCORE_CHIPSEQ:CHIPSEQ:DEEPTOOLS_PLOTHEATMAP (SPT5_INPUT_REP1),COMPLETED,0,-,quay.io/biocontainers/deeptools:3.5.1--py_0,2,14400000,-,6442450944,1,1787442037604,1787442037700,1787442044061,6457,5000,-,99.8,0.5,158244864,226283520,237408256,305586176,27741667,2330015,4549,104,0,2351104,9,19,/home/ahmed/pranay/work/6e/9258c866fabe22c29877f47cf6c97d,-,-,12th Gen Intel(R) Core(TM) i5-12400,311.14910599999996,DEEPTOOLS_PLOTHEATMAP,intel_i5,rnaseq,intel_i5
186,-,330713,NFCORE_CHIPSEQ:CHIPSEQ:DEEPTOOLS_COMPUTEMATRIX,SPT5_T0_REP2,NFCORE_CHIPSEQ:CHIPSEQ:DEEPTOOLS_COMPUTEMATRIX (SPT5_T0_REP2),COMPLETED,0,-,quay.io/biocontainers/deeptools:3.5.1--py_0,2,21600000,-,6442450944,1,1787441998103,1787441998198,1787442045895,47792,46000,-,190.2,0.5,185630720,596807680,219799552,689614848,238314346,65353715,47532,7194,0,24784896,493,821,/home/ahmed/pranay/work/cf/24a5c9ea6be4e008cc7416d351ed87,-,-,12th Gen Intel(R) Core(TM) i5-12400,2872.272249,DEEPTOOLS_COMPUTEMATRIX,intel_i5,rnaseq,intel_i5
207,-,342810,NFCORE_CHIPSEQ:CHIPSEQ:DEEPTOOLS_PLOTPROFILE,SPT5_T0_REP2,NFCORE_CHIPSEQ:CHIPSEQ:DEEPTOOLS_PLOTPROFILE (SPT5_T0_REP2),COMPLETED,0,-,quay.io/biocontainers/deeptools:3.5.1--py_0,2,14400000,-,6442450944,1,1787442045900,1787442045996,1787442048251,2351,1000,-,99.3,0.0,10731520,33722368,10731520,33726464,21907351,407245,3155,42,0,417792,1,1,/home/ahmed/pranay/work/28/7ba81942272f66a82fe5730b3083c1,-,-,12th Gen Intel(R) Core(TM) i5-12400,117.786929,DEEPTOOLS_PLOTPROFILE,intel_i5,rnaseq,intel_i5
206,-,342809,NFCORE_CHIPSEQ:CHIPSEQ:DEEPTOOLS_PLOTHEATMAP,SPT5_T0_REP2,NFCORE_CHIPSEQ:CHIPSEQ:DEEPTOOLS_PLOTHEATMAP (SPT5_T0_REP2),COMPLETED,0,-,quay.io/biocontainers/deeptools:3.5.1--py_0,2,14400000,-,6442450944,1,1787442045898,1787442045995,1787442051668,5770,4000,-,99.8,0.8,265322496,464773120,294162432,493780992,26396008,1463723,4238,82,0,1478656,4,83,/home/ahmed/pranay/work/b2/8dad2a9d5460051f62973795c9ebe6,-,-,12th Gen Intel(R) Core(TM) i5-12400,226.00997999999998,DEEPTOOLS_PLOTHEATMAP,intel_i5,rnaseq,intel_i5
201,-,339046,NFCORE_CHIPSEQ:CHIPSEQ:DEEPTOOLS_COMPUTEMATRIX,SPT5_INPUT_REP2,NFCORE_CHIPSEQ:CHIPSEQ:DEEPTOOLS_COMPUTEMATRIX (SPT5_INPUT_REP2),COMPLETED,0,-,quay.io/biocontainers/deeptools:3.5.1--py_0,2,21600000,-,6442450944,1,1787442031674,1787442031772,1787442073517,41843,40000,-,182.8,0.5,182710272,594194432,221458432,639225856,234538981,68546376,46613,7200,0,27971584,506,844,/home/ahmed/pranay/work/36/dbade7a3d6d435d714481127b98d18,-,-,12th Gen Intel(R) Core(TM) i5-12400,1493.6229459999997,DEEPTOOLS_COMPUTEMATRIX,intel_i5,rnaseq,intel_i5
209,-,344104,NFCORE_CHIPSEQ:CHIPSEQ:DEEPTOOLS_PLOTPROFILE,SPT5_INPUT_REP2,NFCORE_CHIPSEQ:CHIPSEQ:DEEPTOOLS_PLOTPROFILE (SPT5_INPUT_REP2),COMPLETED,0,-,quay.io/biocontainers/deeptools:3.5.1--py_0,2,14400000,-,6442450944,1,1787442073527,1787442073618,1787442076034,2507,1000,-,99.4,0.2,66326528,158060544,66326528,158326784,23028382,407375,3412,42,0,417792,9,3,/home/ahmed/pranay/work/74/484adf9dc0b26716bab1eb6915173d,-,-,12th Gen Intel(R) Core(TM) i5-12400,37.670497,DEEPTOOLS_PLOTPROFILE,intel_i5,rnaseq,intel_i5
208,-,344106,NFCORE_CHIPSEQ:CHIPSEQ:DEEPTOOLS_PLOTHEATMAP,SPT5_INPUT_REP2,NFCORE_CHIPSEQ:CHIPSEQ:DEEPTOOLS_PLOTHEATMAP (SPT5_INPUT_REP2),COMPLETED,0,-,quay.io/biocontainers/deeptools:3.5.1--py_0,2,14400000,-,6442450944,1,1787442073533,1787442073618,1787442080032,6499,5000,-,99.9,0.5,158121984,226258944,237203456,305537024,26808431,2382901,4322,104,0,2412544,5,43,/home/ahmed/pranay/work/c7/39a1d8e76a12751600b064f5e97836,-,-,12th Gen Intel(R) Core(TM) i5-12400,154.03164900000002,DEEPTOOLS_PLOTHEATMAP,intel_i5,rnaseq,intel_i5
210,-,344747,NFCORE_CHIPSEQ:CHIPSEQ:MULTIQC,-,NFCORE_CHIPSEQ:CHIPSEQ:MULTIQC (1),COMPLETED,0,-,quay.io/biocontainers/multiqc:1.13a--pyhdfd78af_1,2,21600000,-,6442450944,1,1787442076050,1787442076134,1787442098829,22779,22315,-,279.8,0.6,219836416,2048524288,221999104,2050236416,3274091377,27796742,794039,3273,1908736,29220864,135,180,/home/ahmed/pranay/work/a2/ec02388a447713666ef0b647db9edc,-,-,12th Gen Intel(R) Core(TM) i5-12400,720.528612,MULTIQC,intel_i5,rnaseq,intel_i5
